序号,题目,答案,正确答案
1,关于“公说公有理，婆说婆有理”的说法，错误的是(    ),A、价值评价中不存在一个完全客观的标准 B、价值评价具有主体性特征 C、价值评价完全因人而异，不同的立场有不同的评价，无所谓正确错误之分 D、评价是以主客体的价值关系为认识对象的 ,正确答案： AC
2,真理和价值在实践中的辩证统一关系，主要体现在(    ),A、成功的实践必然是以真理和价值的辩证统一为前提的 B、价值的形成和实现以坚持真理为前提，而真理又必然是具有价值的 C、真理和价值在实践和认识活动中是相瓦制约、相互引导、相互促进的 D、在实践中真理仅仅是实践追求的价值日标而不是制约实践的客观尺度 ,正确答案： ABC
3,社会存在与社会意识的辩证关系是（）。,A、社会存在决定社会意识 B、社会意识决定社会存在 C、社会存在和社会意识相互决定 D、社会意识有相对独立性 ,正确答案： AD
4,社会意识的相对独立性表现为（）。,A、社会意识与社会存在的发展不完全同步 B、社会意识内部各种形式之间相互影响并各具有历史继承性 C、社会存在对社会意识只有决定作用 D、社会意识对社会存在有能动的反作用 ,正确答案： ABD
5,生产力具有复杂的系统结构，基本要素包括（）。,A、劳动资料 B、人与人的关系 C、劳动对象 D、劳动者 ,正确答案： ACD
6,下列各项属于生产关系内容的是（ ）。,A、生产资料的所有制关系 B、产品的分配方式 C、人们在政治上的统治和被统治关系 D、生产中人与人的关系 ,正确答案： ABD
7,社会发展的动力系统包括（）。,A、社会基本矛盾 B、阶级斗争 C、改革 D、科学技术 ,正确答案： ABCD
8,社会基本矛盾是社会发展的根本动力，因为（）。,A、生产力是社会基本矛盾运动中最基本的动力因素 B、社会基本矛盾运动决定着社会中其他矛盾的存在和发展 C、社会基本矛盾从根本上影响和促进社会形态的变化和发展 D、社会基本矛盾只在阶级社会中发挥作用 ,正确答案： ABC
9,“每一个社会时代都需要有自己的伟大人物，如果没有这样的人物，它就要把他们创造出来的”。这种观点（ ）。,A、正确说明了杰出人物的产生和作用 B、体现了偶然性和必然性的统一 C、否认了人民群众是历史发展的决定力量 D、违背了党的群众观点和群众路线 ,正确答案： AB
10,社会基本矛盾不包括（ ）。,A、革命与改革的矛盾 B、生产力与生产关系的矛盾 C、经济基础与上层建筑的矛盾 D、统治阶级与被统治阶级的矛盾 ,正确答案： AD
11,下列关于人民群众的正确说法，有（ ）。,A、人民群众是一个历史范畴 B、从质上看，人民群众是指一切对社会历史发展起推动作用的人们 C、从量上看，人民群众是指社会人口中绝大多数 D、在不同的历史时期，人民群众有着不同内容，包含着不同的阶级、阶层和集团 ,正确答案： ABCD
12,中国共产党在工作中的群众路线，指（ ）。,A、一切为了群众 B、一切依靠群众 C、从群众中来 D、到群众中去 ,正确答案： ABCD
13,唯物史观主张，评价历史人物时，应坚持（ ）的方法。,A、道德分析法 B、历史分析方法 C、以今论古方法 D、阶级分析方法 ,正确答案： BD
14,影响商品价格的因素有( )。,A、劳动时间 B、商品价值 C、供求关系 D、商品使用价值 ,正确答案： BC
15,资本主义政治制度的历史和阶级局限性表现在( )。,A、金钱操纵下的民主 B、法律名义上的平等掩盖着事实上的不平等 C、政党制是一种维护资产阶级统治的政治制度 D、整个政治制度维护着广大人民的利益 ,正确答案： ABC
16,下列关于使用价值与价值，正确的说法有( ),A、使用价值反映的是人与自然之间的物质关系 B、价值体现了生产者之间一定的社会关系 C、使用价值构成了社会财富的物质内容 D、商品的价值和使用价值之间是对立统一的关系 ,正确答案： ABCD
17,价值规律的积极作用，包括( ),A、自发调节生产资料和劳动力在社会各生产部门之间的分配 B、自发地刺激社会生产力的发展 C、自发地调节社会收入的分配 D、阻碍技术的进步 ,正确答案： ABC
18,资本家生产剩余价值的最基本方法有（ ）,A、内含扩大再生产 B、外延扩大再生产 C、绝对剩余价值生产 D、相对剩余价值生产 ,正确答案： CD
19,私人垄断资本主义向国家垄断资本主义过渡( ),A、是资本主义生产社会化的客观要求 B、是资本主义基本矛盾发展的必然结果 C、在一定程度上促进了资本主义生产的发展 D、能够从根本上解决资本主义的基本矛盾 ,正确答案： ABC
20,资本主义的发展经历了两个阶段，( ),A、自由竞争资本主义 B、私人垄断资本主义 C、国家垄断资本主义 D、垄断资本主义 ,正确答案： AD
21,当代资本主义发生新变化的原因主要有( ),A、科学技术革命和生产力的发展是根本推动力量 B、工人阶级争取自身权利和利益的斗争是重要力量 C、社会主义制度初步显示的优越性对当代资本主义产生了重要影响 D、主张改良主义的政党对资本主义制度的改革，发挥了重要作用 ,正确答案： ABCD
22,关于国家垄断资本主义对资本主义经济发展作用错误的认识是( ),A、在一定程度上促进了社会生产力的发展、 B、解决了垄断资本主义内在矛盾的深化与尖锐 C、从根本上解决了失业问题 D、从根本上消除了经济危机 ,正确答案： BCD
23,经济全球化的表现有( ),A、国际分工进一步深化 B、贸易全球化 C、金融全球化 D、企业生产经营全球化 ,正确答案： ABCD
24,资本主义国家的宪法的基本原则包括( ),A、私有制原则 B、主权在民原则 C、分权与制衡原则 D、人权原则 ,正确答案： ABCD
25,资本主义制度的历史进步性主要表现在( ),A、促使科学技术转变为生产力 B、追求剩余价值的动力和竞争的压力推动了生产力发展 C、资本主义政治制度促进和完善了资本主义生产方式 D、资本主义意识形态促进和完善了资本主义生产方式 ,正确答案： ABCD
26,资本主义为社会主义所代替的历史必然性表现在( ),A、资本主义的内在矛盾决定了资本主义必然被社会主义所代替 B、资本积累推动资本主义最终否定资本主义自身 C、国家垄断资本主义为向社会主义过渡准备了条件 D、资本主义生产关系的调整促进了生产力的发展 ,正确答案： ABCD
27,资本主义必然为社会主义所代替，并不意味着资本主义将在短期内自行消亡。资本主义向社会主义的过渡必然是一个复杂的、长期的历史过程，其原因在于,A、任何社会形态的存在都有绝对稳定性 B、资本主义的发展具有不平衡性 C、资本主义社会具有一定的自我调节能力 D、当代资本主义的发展还显示出生产关系对生产力容纳的空间 ,正确答案： BCD
28,属于１６－１７世纪空想社会主义者是（）,A、摩莱里 B、莫尔 C、马布利 D、康帕内拉 ,正确答案： BD
29,属于１９世纪法国的空想社会主义者是（）,A、莫尔 B、圣西门 C、傅立叶 D、欧文 ,正确答案： BC
30,率先进入社会主义国家，导致其社会主义建设具有艰巨性和长期性的原因有（）,A、生产力发展状况制约 B、经济基础发展状况制约 C、上层建筑发展状况制约 D、国际环境的严峻挑战 ,正确答案： ABCD
31,下列选项中属于共产主义含义的有（ ）,A、共产主义是一种科学理论 B、共产主义是一种现实运动 C、共产主义是一种社会制度 D、共产主义是一种社会理想 ,正确答案： ABCD
32,下属现象中属于共产主义社会特征的有（ ）,A、社会财富极大丰富，消费品按需分配 B、社会财富极大丰富，消费品按劳分配 C、社会关系高度和谐，人们的精神境界极大提高 D、每个人自由而全面的发展 ,正确答案： ACD
33,马克思和恩格斯认为在共产主义社会将要消失的“三大差别”有（ ）,A、资产阶级和无产阶级的差别 B、工业和农业的差别 C、城市与乡村的差别 D、脑力劳动与体力劳动的差别 ,正确答案： BCD
34,共产主义是能够实现的社会理想的根据是（ ）,A、以人类社会发展规律为依据的 B、以资本主义社会基本矛盾的发展为依据的 C、可以用社会主义运动的实践来证明的 D、要靠社会主义的不断完善和发展来实现的 ,正确答案： ABCD
35,社会主义代替资本主义和最后实现共产主义的历史进程（ ）,A、离不开工人阶级及其政党的能动性 B、离不开社会主义国家建设事业的发展 C、离不开世界社会主义运动的发展 D、离不开马克思主义理论的指导 ,正确答案： ABCD
36,关于共产主义理想，下列提法正确的有（ ）,A、共产主义渺茫论 B、共产主义是能够实现的理想 C、在社会主义历史阶段不应树立共产主义理想 D、共产主义理想的实现是一个漫长的历史过程 ,正确答案： BD
37,关于共产主义理想，正确的观点有（ ）,A、人从自然必然性奴役下解放出来 B、人类完全摆脱了自然的束缚 C、社会主义是实现共产主义理想的必经阶段 D、共产主义是能够实现的理论 ,正确答案： ACD
38,作为一个完整的科学体系，马克思主义理论体系的三个组成部分是（）,A、马克思主义政治学 B、马克思主义政治经济学 C、科学社会主义 D、马克思主义哲学 ,正确答案： BCD
39,下列选项中，属于人类社会发展的基本规律的有（ ）,A、生产关系必须适合生产力性质的规律 B、上层建筑必须适合经济基础发展要求的规律 C、对立统一规律 D、质量互变规律 ,正确答案： AB
40,科学技术也是生产力，因为（）,A、它能引起劳动对象的变革，促进劳动者素质的提高 B、它属于上层建筑 C、它可以提高劳动生产率 D、它可以提高管理效率 ,正确答案： ACD
41,绝对剩余价值生产和相对剩余价值生产的共同点是（）,A、都体现着资本家对对工人的剥削关系 B、都延长了剩余劳动时间 C、都增加了剩余价值量 D、都提高了剩余价值率 ,正确答案： ABCD
42,国家垄断资本主义的基本形式有（）,A、国营企业 B、国私合营企业 C、国家与私人垄断资本在国际范围内的结合 D、国家调节经济 ,正确答案： ABD
43,下列选项中属于唯心主义观点的有（ ）,A、有无相生难易相成 B、心外无物，心外无理 C、未有天地之先，毕竟是先有理 D、存在就是被感知 ,正确答案： BCD
44,商品的价值与价格的关系是（ ）,A、价值是价格的基础 B、价格是价值的基础 C、价值是价格的货币表现 D、价格是价值的货币表现 ,正确答案： AD
45,资本主义政治制度包括（）,A、资本主义的民主与法制 B、政治组织形式 C、选举制度 D、政党制度 ,正确答案： ABCD
46,下列哪几个国家建立过社会主义（ ）,A、南斯拉夫 B、罗马尼亚 C、奥地利 D、匈牙利 ,正确答案： ABD
47,下列科学发展中，属于马克思主义哲学产生的自然科学前提的有（）,A、达尔文的生物进化论 B、爱因斯坦的相对论 C、宇宙大爆炸论 D、细胞学说 ,正确答案： AD
48,意识的本质是（ ）,A、人脑的机能 B、人脑分泌的特殊物质 C、客观存在的主观映像 D、人脑中进行的各种生理过程 ,正确答案： AC
49,下列命题中，属于量变引起的质变表现的有（）,A、积羽沉舟，集腋成裘 B、绳锯木断，水滴穿石 C、千里之堤，溃于蚁穴 D、不积细流，无以成江海 ,正确答案： ABCD
50,下列各项中属于生产关系内容的有（ ）,A、生产资料所有制形式 B、产品的分配形式 C、社会的公平程度 D、人们在生产中的地位及相互关系 ,正确答案： ABD
51,资本主义生产过程的结果是（ ）,A、生产出新的使用价值 B、转移了生产资料价值 C、再生产出劳动力的价值 D、创造了剩余价值 ,正确答案： ABCD
52,列宁物质定义的理论意义在于它（ ）,A、坚持了唯物主义一元论 B、坚持了能动的反映论和可知论 C、坚持了矛盾是实物发张的动力 D、体现了唯物论和辩证法的统一 ,正确答案： ABD
53,下列选项中，包含矛盾双方相互依存和相互转化的有( ),A、祸兮福所倚，福兮祸所伏 B、贫生于富，弱生于强 C、有无相生，难易相成 D、量体裁衣，对症下药 ,正确答案： ABC
54,社会意识对社会存在有相对独立性，其主要表现在（ ）,A、两者变化的完全同步性 B、社会意识与经济发展的不平衡性 C、社会意识决定社会发展的基本趋势 D、社会意识具有历史继承性 ,正确答案： BD
55,不变资本是资本主义生产过程中( ),A、以生产资料形式存在的资本 B、以劳动力形式存在的资本 C、价值量不发生增殖的资本 D、价值发生增殖的资本 ,正确答案： AC
56,经济全球化表现为( ),A、利益的全球化 B、企业经营的全球化 C、生产的全球化 D、贸易的全球化 ,正确答案： BCD
57,产生资本循环的形式有( ),A、生产资本的循环 B、货币资本的循环 C、商品资本的循环 D、流动资本的循环 ,正确答案： ABC
58,资本主义的社会总产品从价值构成上包括( ),A、生产资料 B、消费资料 C、不变资本 D、可变资本 ,正确答案： CD
59,“三个代表”重要思想的哲学依据包括历史唯物主义的下列观点( ),A、生产关系一定要适合生产力状况 B、真理的绝对性和相对性 C、上层建筑反作用于经济基础 D、人民群众是历史的创造者 ,正确答案： ACD
60,认识过程中存在的两个飞跃是指( ),A、相对真理向绝对真理的飞跃 B、感性认识向理性认识的飞跃 C、错误认识向正确认识的飞跃 D、理性认识向实践的飞跃 ,正确答案： BD
61,下列思想体系不属于上层建筑的有( ),A、形式逻辑 B、政治学和法学 C、自然科学 D、语言学 ,正确答案： ACD
62,下列关于劳动二重性理论的说法中正确的是( ),A、具体劳动创造商品的使用价值 B、抽象劳动形成商品的价值 C、具体劳动和抽象劳动是两个劳动过程 D、具体劳动和抽象劳动是同一劳动过程的两个方面 ,正确答案： ABD
63,下列选项中反映矛盾的同一性在事物发展中的作用有( ),A、矛盾双方相互排斥，推动着事物的发展 B、矛盾双方相互依存，为事物的存在和发展提供必要的统一体 C、矛盾双方互相从对方吸取有利于自身的因素而得到发展 D、矛盾的同一性规定了事物向着自己的对立面转化的基本趋势 ,正确答案： BCD
64,以下属于主观唯心主义观点的有( ),A、人的命，天注定 B、自由选择的意志高于一切 C、心外无物 D、存在即被感知 ,正确答案： BCD
65,矛盾的主要方面是指( ),A、占主导地位的矛盾 B、起决定作用的矛盾 C、占主导地位的矛盾方面 D、决定事物的性质 ,正确答案： CD
66,以下属于社会意识形态的有( ),A、逻辑理论 B、自然科学理论 C、法律思想 D、政治思想 ,正确答案： CD
67,国家垄断资本主义的主要形式有( ),A、国家所有并直接经营的企业 B、国家与私人共有，合营企业 C、宏观调节和微观规制 D、社会主义性质的资本主义形式 ,正确答案： ABCD
68,共产主义社会的基本特征有( ),A、物质财富极大丰富 ，消费资料按需分配 B、社会关系高度和谐，人们精神境界极大提高 C、每个人自由而全面发展 D、人类必然王国向自由王国的飞跃 ,正确答案： ABCD
69,下列选项中，属于矛盾斗争性表现的有( ),A、敌对阶级之间的对立 B、生物界的生存竞争 C、人民内部不同意见的分歧 D、两岸同胞与“台独”势力的对立 ,正确答案： ABCD
70,依据辩证唯物主义的物质定义，指明下列现象属于物质现象的是( ),A、山谷回音，潮起潮落 B、上层建筑的意识形态 C、阶级斗争 D、未实施的城市建设计划 ,正确答案： AC
71,商品的价值是( ),A、凝结在商品中的无差别的一般人类劳动 B、商品所特有的社会属性 C、交换价值的基础 D、一定的社会生产关系的体现 ,正确答案： ABCD
72,作为一个完整的科学体系，马克思主义理论体系的主要组成部分是（ ）。,A、马克思主义政治学 B、马克思主义政治经济学 C、科学社会主义 D、马克思主义哲学 ,正确答案： BCD
73,19世纪30-40年代，以下哪些工人运动的兴起，标志着现代无产阶级作为独立的政治力量登上了历史舞台。（ ）,A、法国里昂工人起义 B、英国宪章运动 C、美国芝加哥工人起义 D、德国西里西亚纺织工人起义 ,正确答案： ABD
74,马克思主义创立的直接理论渊源是（ ）,A、德国古典哲学 B、英国古典政治经济学 C、法国英国的空想社会主义 D、法国启蒙思想 ,正确答案： ABC
75,不是马克思一生的两个伟大发现是（ ）,A、共产主义学说 B、唯物史观 C、剩余价值学说 D、劳动价值论 ,正确答案： AD
76,下列属于马克思主义最重要的理论品质，有（ ）,A、坚持一切从理想出发 B、理论联系实际 C、实事求是 D、在实践中检验真理和发展真理 ,正确答案： BCD
77,马克思主义，包括（ ）,A、马克思、恩格斯创立的马克思主义 B、列宁发展了的马克思主义 C、毛泽东思想 D、马克思主义中国化的理论成果 ,正确答案： ABCD
78,下列关于马克思主义，正确的说法有（ ）,A、马克思主义是无产阶级争取自身解放和整个人类解放的科学理论 B、马克思主义是无产阶级的科学世界观和方法论 C、马克思主义关于自然、社会和人类思维发展一般规律的学说 D、马克思主义包括辩证唯物主义和历史唯物主义 ,正确答案： ABCD
79,下列属于马克思主义的方法，有（ ）,A、实事求是的方法 B、辩证分析的方法 C、历史分析的方法 D、群众路线的方法 ,正确答案： ABCD
80,思维与存在的关系问题是哲学的基本问题，因为（ ）,A、它是划分辩证法和形而上学的唯一标准 B、它是划分唯物主义和唯心主义哲学的基本标准 C、它是任何哲学派别都不能回避而必须回答的问题 D、它是实际工作中正确处理主观和客观关系的根本问题 ,正确答案： BCD
81,辩证的否定观，指（ ）,A、否定是事物的自我否定 B、否定是事物发展的环节 C、否定是新旧事物联系的环节 D、否定是“扬弃”。 ,正确答案： ABCD
82,马克思主义哲学与旧唯物主义相比，在内容上的革命变革表现在它实现了（ ）,A、唯物主义和辩证法的统一 B、世界观和方法论的统一 C、唯物辩证的自然观和历史观的统一 D、感性认识和理性认识的统一 ,正确答案： AC
83,从意识的起源来看，意识是（ ）,A、自然界长期发展的产物 B、人脑的机能和属性 C、意识是社会的产物 D、意识是客观世界的主观映象 ,正确答案： AC
84,“巧妇难为无米之炊”的哲学意义是（ ）,A、意识是第一性的，物质是第二性的 B、物质是第一性的，意识是第二性的 C、主观能动性的发挥，必须尊重客观规律 D、画饼不能充饥 ,正确答案： BC
85,我国古代哲学家王夫之认为：“动静者，乃阴阳之动静也。”“皆本物之固然。”“静者静动，非不动也。”“静即含动，动不含静。”“动、静，皆动也。”这在哲学上表达了（ ）,A、运动和静止都是物质的固有属性 B、静止是运动的特殊状态，是缓慢不显著的运动 C、静止是相对的，运动是绝对的 D、运动是静止的总和 ,正确答案： BC
86,下列哪些说法不是对矛盾特殊性原理的具体运用（ ）,A、对症下药，量体裁衣 B、因材施教，因地制宜 C、物极必反，相反相成 D、欲擒故纵，声东击西 ,正确答案： CD
87,联系，具有（ ）特点,A、客观性 B、普遍性 C、多样性 D、条件性 ,正确答案： ABCD
88,唯物辩证法的总特征不是（ ）,A、联系的观点 B、发展的观点 C、矛盾的观点 D、实践的观点 ,正确答案： CD
89,下列格言或成语中，没有体现质量互变规律的有（ ）,A、九层之台，起于垒土 B、有无相生，前后相随 C、月晕而风，础润而雨 D、千里之堤，溃于蚁穴 ,正确答案： BC
90,构成联系与发展的基本环节的有（ ）,A、原因与结果 B、现象与本质 C、必然性与偶然性 D、内容与形式 ,正确答案： ABCD
91,下列关于量变与质变相互关系，正确说法（ ）,A、量变是质变的必要准备 B、质变是量变的必然结果 C、量变与质变相互渗透 D、揭示了事物发展的动力和源泉 ,正确答案： ABC
92,感性认识和理性认识的辩证关系，是（ ）,A、感性认识有待于发展和深化为理性认识 B、理性认识依赖于感性认识 C、感性认识和理性认识相互渗透、相互包含 D、感性认识和理性认识在实践的基础上统一起来 ,正确答案： ABCD
93,实践客体从能否为实践所创造的角度看分为二类（ ）,A、天然客体 B、人工客体 C、物质性客体 D、精神性客体 ,正确答案： AB
94,实践中介不包括（ ）,A、各种实践工具 B、各种操作方法 C、矿石 D、自然界 ,正确答案： CD
95,实践活动的类型有（ ）,A、物质生产实践 B、社会政治实践 C、科学实践 D、文化实践 ,正确答案： ABCD
96,真理和价值在实践中的辩证统一关系，主要体现在(    ),A、成功的实践必然是以真理和价值的辩证统一为前提的 B、价值的形成和实现以坚持真理为前提，而真理又必然是具有价值的 C、真理和价值在实践和认识活动中是相瓦制约、相互引导、相互促进的 D、在实践中真理仅仅是实践追求的价值日标．而不是制约实践的客观尺度 ,正确答案： ABC
97,辩证唯物主义认识论第一的和基本的观点是（  ）,A、认识是主体对客体的反映 B、实践是认识的基础 C、认识是一个辩证发展过程 D、认识是从物到感觉和思想的过程 ,正确答案： B
98,实践是认识的来源表明（  ）,A、 只要参加实践活动就能获得正确认识  B、 一切认识都要直接参加实践活动才能获得  C、 一切认识归根到底都是从实践中获得的  D、 只有直接经验来自实践  ,正确答案： C
99,习近平指出：“我们党现阶段提出和实施的理论和路线方针政策，之所以正确，就是因为它们都是以我国现时代的社会存在为基础。”这里是强调（  ）,A、 读书可以获得真知  B、 实践是认识发展的动力  C、 实践是认识的来源  D、 实践是认识的目的  ,正确答案： C
100,直接经验与间接经验的关系是（  ）,A、 第一性和第二性的关系  B、 感性认识和理性认识的关系  C、 认识的“源”与“流”的关系  D、 唯物主义反映论与唯心主义先验论的关系  ,正确答案： C
101,当代，自然科学的发展日新月异，新的研究成果层出不穷。从根本上说这是 由（   ）,A、 科学家的聪明才智决定的  B、 正确的科技决策决定的  C、 环境和资源状况决定的  D、 生产实践的需要决定的  ,正确答案： D
102,中国工程院院士袁隆平曾结合自己的科研经历，语重心长地对年轻人说：“书本知识虽然重要，电脑技术也很重要，但是书本电脑里面种不出水稻来，只有在田里才能种出水稻来。”这表明（  ）,A、 实践是认识的基础和来源  B、 实践水平的提高有赖于认识水平的提高  C、 由实践到认识的第一次飞跃比认识到实践的第二次飞跃更重要  D、 理论对实践的指导作用没有正确与错误之分  ,正确答案： A
103,一切真知都来源于（  ）,A、 间接经验  B、 社会实践  C、 人的意识  D、 客观事物  ,正确答案： B
104,马克思主义认识论认为，能动的反映是（  ）,A、 摹写和创造的统一  B、 可知论与不可知论的统一  C、 物质性与精神性的统一  D、 真理的本性与实践特点的统一  ,正确答案： A
105,认识的初级阶段是（  ）,A、 直接认识  B、 全面认识  C、 理性认识  D、 感性认识  ,正确答案： D
106,感觉、知觉、表象，它们是（  ）,A、 社会心理的三种形式  B、 社会意识形态的三种形式  C、 感性认识的三种形式  D、 理性认识的三种形式  ,正确答案： C
107,概念、判断、推理是（  ）,A、 感性认识的三种形式  B、 理性认识的三种形式  C、 社会意识形态的三种形式  D、 社会心理的三种形式  ,正确答案： B
108,人类社会发展和进步的最终决定力量是（  ）,A、生产方式 B、人民群众 C、生产关系 D、生产力 ,正确答案： D
109,由感性认识上升到理性认识的过程是（  ）,A、 完全自发的过程  B、 积极能动的过程  C、 消极被动的过程  D、 主观随意的过程  ,正确答案： B
110,认为只有书本理论可靠，不顾实际情况，死搬书本教条，这在认识论上犯了（   ）,A、 类似唯心先验论的错误  B、 类似旧唯物主义认识论的错误  C、 类似唯理论的错误  D、 类似经验论的错误  ,正确答案： C
111,一个完整的认识需要经过两次飞跃。下列选项中属于第二次飞跃的是（  ）,A、 调查研究，了解情况  B、 深入思考，形成理论  C、 精心安排，制定计划  D、 执行计划，付诸实践  ,正确答案： D
112,在认识过程中更为重要意义的飞跃是指（  ）,A、 从外在形象到内在本质的飞跃  B、 从个性认识到共性认识的飞跃  C、 从肯定阶段到否定阶段的飞跃  D、 从理性认识到实践的飞跃  ,正确答案： D
113,马克思主义揭示了社会发展的客观规律，为无产阶级革命斗争指明了方向。 这说明（  ）,A、 实践是认识发展的动力  B、 实践是检验真理的标准  C、 科学理论对实践具有指导作用  D、 科学理论对实践具有决定作用  ,正确答案： C
114,真理就是（  ）,A、 客观事物及其规律  B、 大多数人同意的观点  C、 对人类生存有用的理论  D、 对客观事物本质及其规律的正确反映  ,正确答案： D
115,生产力的基本要素包括（  ）,A、生产者，生产方式，生产关系 B、生产关系，生产对象，生产工具 C、劳动者，劳动资料，劳动工具 D、劳动资料，劳动对象，劳动者 ,正确答案： D
116,真理是没有阶级性的，在真理面前人人平等。这是因为（  ）,A、 真理是绝对性和相对性的统一，真理是不断发展的  B、 真理是具体的，任何真理都有其适用的条件和范围  C、 真理就是客观规律，真理与人的阶级地位无关  D、 真理具有客观性，真理中包含着不依赖于人类的客观内容  ,正确答案： D
117,在真理观上坚持辩证法，就必须承认（  ）,A、 真理的内容是客观的，形式是主观的  B、 真理既是绝对的又是相对的  C、 真理既是正确的又包含错误因素  D、 真理既是普遍的又是具体的  ,正确答案： B
118,坚持绝对真理和相对真理辩证统一的观点是（  ）,A、 真理问题上的唯物论  B、 真理问题上的一元论  C、 真理问题上的辩证法  D、 真理问题上的二元论  ,正确答案： C
119,任何科学理论都不能穷尽真理，而只能在实践中不断开辟认识真理的道路。 这说明（  ）,A、 真理具有绝对性  B、 真理具有相对性  C、 真理具有客观性  D、 真理具有全面性  ,正确答案： B
120,谬误与真理的关系是对立统一的，因此谬误（   ),A、永远也不能变为真理 B、在一定条件下可以变为真理 C、是对客观事物的正确反映 D、包含在相对真理之中的 ,正确答案： B
121,真理的发展是一个(  ),A、 真理和谬误相调和的过程  B、 真理和谬误相补充的过程  C、 客观真理与主观真理相互转化的过程  D、 相对真理逐渐向绝对真理转化的过程  ,正确答案： D
122,实践是检验真理的唯一标准，这主要是因为( ),A、实践具有把主观和客观联系起来的特性 B、实践是一个无限发展的过程 C、实践是人类生存和发展的基础 D、实践是认识的来源和目的 ,正确答案： A
123,实践之所以是驳斥不可知论的最有力的论据，是因为（  ）,A、 实践本身是社会物质活动  B、 坚持实践的观点就是坚持唯物论  C、 实践的成功证明我们对客观事物的认识是正确的  D、 世界不存在永远不能认识的事物  ,正确答案： C
124,一种认识是不是真理，要看它（  ）,A、能否满足人的需要 B、能否被多数人认可 C、能否付诸实践 D、能否在实践中得到证实 ,正确答案： D
125,把经过实践证实的理论看成绝对真理，并当成检验其它一切认识真理性的标准，这是一种（  ）,A、 形而上学的观点  B、 唯物辩证法的观点  C、 相对主义的观点  D、 经验论的观点  ,正确答案： A
126,解放思想，就是要（  ）,A、 不受任何约束，做到随心所欲  B、 不受任何框框的束缚，思想上达到绝对自由  C、 突破落后观念的束缚，坚持实事求是  D、 抛弃原有的一切观念，重新评价一切  ,正确答案： C
127,实践是检验真理的唯一标准，主要是因为实践是一种（   ）,A、客观物质性活动 B、自觉能动性活动 C、社会历史性活动 D、主观见之于客观的活动 ,正确答案： D
128,马克思主义科学体系的哲学基础是( ),A、辩证唯物主义与历史唯物主义 B、唯心主义 C、古代朴素唯物主义 D、近代形而上学唯物主义 ,正确答案： A
129,学习马克思主义基本原理的根本方法( ),A、认真学习马克思主义的著作 B、一切只从实际出发 C、掌握马克思主义的立场、观点、方法 D、辩证思维 ,正确答案： C
130,习近平新时代中国特色社会主义思想为马克思主义的发展作出了（ ）,A、时代性贡献 B、时代性、原创性贡献 C、原创性贡献 D、科学性贡献 ,正确答案： B
131,当代大学生要树立科学的理想信念，自觉以（ ）作为自己的行动指南。,A、个人主义 B、自由主义 C、科学主义 D、马克思主义 ,正确答案： D
132,以科学的态度对待马克思主义，最重要的是要正确认识和处理（ ）的关系,A、部分与整体 B、过去与将来 C、真理与价值 D、坚持和发展 ,正确答案： D
133,当代大学生学习马克思主义，要从我国实际出发，要把握（ ）这个最大国情，了解我们国家的路线政策。,A、社会主义初级阶段 B、贫富悬殊 C、经济不发达 D、教育不均衡 ,正确答案： A
134,学习马克思主义，最根本的是要（ ），才能领会马克思主义的精髓要义。,A、活学活用 B、背诵原著 C、掌握马克思主义的立场、观点、方法 D、牢记宗旨 ,正确答案： C
135,掌握马克思主义的立场、观点、方法是学习马克思主义的（ ）方法,A、根本 B、有效 C、科学 D、先进 ,正确答案： A
136,马克思主义认为（ ）是历史的创造者。,A、党的领导 B、民族英雄 C、帝王将相 D、人民群众 ,正确答案： D
137,（ ）的发表，标志马克思主义的公开问世,A、《共产党宣言》 B、《德意志意识形态》 C、《资本论》 D、《神圣家族》 ,正确答案： A
138,（ ）和剩余价值学说，是马克思一生的两个伟大发现,A、唯物史观 B、辩证法 C、相对论 D、科学社会主义 ,正确答案： A
139,19世纪，细胞学说、生物进化论和（ ）为马克思主义的产生提供了自然科学前提。( ）,A、相对论 B、博弈论 C、系统论 D、能量守恒与转化定律 ,正确答案： D
140,19世纪三大科学发现，细胞学说、生物进化论和能量守恒与转化定律为马克思主义的产生提供了,A、理论前提 B、自然科学前提 C、哲学基础 D、社会基础 ,正确答案： B
141,下列不属于马克思主义产生的深刻根源，是（ ）。,A、社会根源 B、个人努力 C、阶级根源 D、思想渊源 ,正确答案： B
142,在《法兰西内战》中，马克思科学总结了（ ）的历史经验。,A、巴黎公社 B、十月革命 C、宪章运动 D、第三国际 ,正确答案： A
143,中国共产党从成立之日起，就把（ ）确立为指导思想。,A、共产主义 B、和平主义 C、大同社会 D、马克思主义 ,正确答案： D
144,马克思主义是一个博大精深的理论体系，是由哪几个基本部分组成,A、马克思主义哲学、马克思主义政治经济学 B、马克思主义哲学、科学社会主义 C、马克思主义哲学、马克思主义政治经济学、科学社会主义 D、政治学、科学社会主义 ,正确答案： C
145,马克思主义哲学的辩证法内容主要来源于（ ）。,A、黑格尔 B、费尔巴哈 C、斯密 D、圣西门 ,正确答案： A
146,马克思主义哲学的唯物主义内容主要来源于（ ）。,A、黑格尔 B、费尔巴哈 C、斯密 D、圣西门 ,正确答案： B
147,马克思主义经济学内容主要来源于（ ）国的古典经济学内容。,A、法 B、德 C、英 D、美 ,正确答案： C
148,马克思主义科学社会主义内容主要来源于（ ）国的空想社会主义内容。,A、法 B、德 C、英 D、美 ,正确答案： A
149,马克思主义的物质范畴从客观存在着的物质世界中抽象出了万事万物的共同特性是（ ）,A、运动变化性 B、广延性 C、可知性 D、客观实在性 ,正确答案： D
150,物质的根本属性是（ ）,A、客观实在性 B、运动 C、结构性 D、层次性 ,正确答案： B
151,相对静止是指（ ）,A、事物绝对不动 B、事物永恒不变 C、事物运动的特殊状态 D、事物运动的普遍状态 ,正确答案： C
152,时间是指（ ）,A、物质运动的持续性、顺序性 B、物质运动的广延性 C、人们整理感觉材料的形式 D、人们头脑中形成的观念 ,正确答案： A
153,下列属于时间的特点，是（ ）,A、四维性 B、三维性 C、一维性 D、有限性 ,正确答案： C
154,（ ）是自然界与人类社会分化统一的历史前提，又是自然界与人类社会统一起来的现实基础,A、运动 B、实践 C、精神生产 D、物质生产 ,正确答案： B
155,马克思主义认为，社会生活在本质上是（ ）,A、运动的 B、实践的 C、精神的 D、物质的 ,正确答案： B
156,“哲学家们只是用不同的方式解释世界，问题在于改变世界”，这一观点是说（ ）,A、认识世界没有必要 B、认识的目的在于指导实践 C、实践无需认识指导 D、实践是认识的来源 ,正确答案： B
157,意识是人脑的机能和属性，是人脑对客观世界的（ ）,A、主观反映 B、歪曲反映 C、虚幻反映 D、正确反映 ,正确答案： A
158,马克思指出：“观念的东西不外是移入人的头脑并在人的头脑中改造过的物质的东西而已。”这表明，（ ）,A、物质决定意识，意识是对物质的主观反映 B、意识决定物质 C、意识不是物质的产物 D、物质的客观实在性 ,正确答案： A
159,劳动在人类意识产生过程中起了决定作用，这是因为劳动（ ）,A、使自然环境发生了变化 B、为意识的产生提供了客观需要和可能 C、为人类提供了生活资料 D、使人更好地适应自然 ,正确答案： B
160,“狼孩”没有意识，这一事实说明（ ）,A、意识是生物长期发展的产物 B、意识是人脑发展的产物 C、意识是对客观事物的反映 D、意识是社会的产物 ,正确答案： D
161,正确认识和把握物质的决定作用和意识的反作用，必须处理好主观能动性和（ ）的关系,A、客观实在性 B、主观规律性 C、客观规律性 D、物质性 ,正确答案： C
162,世界的（ ）原理是马克思主义哲学的基石,A、物质统一性 B、永恒发展 C、普遍联系 D、能动性 ,正确答案： A
163,矛盾的基本属性是（ ）,A、普遍性和特殊性 B、斗争性和同一性 C、绝对性和相对性 D、变动性和稳定性 ,正确答案： B
164,有一首描述在战争中缺了钉子的马掌会导致国家灭亡的童谣：“钉子缺，蹄铁卸；蹄铁卸，战马蹶；战马蹶，骑士绝；骑士绝，战事折；战事折，国家灭。”这首童谣包含的哲学原理是（ ）,A、事物是普遍联系的 B、事物是变化的 C、现象是本质的表现 D、事物的量变引起质变 ,正确答案： A
165,唯物辩证法认为，发展是（ ）,A、事物永不停息的运动变化 B、事物从过去到现在再到将来的变化 C、前进的上升的运动 D、事物由小到大、由少到多的变化 ,正确答案： C
166,区分一个事物是新事物还是旧事物，最根本的是看该事物（ ）,A、是否为大多数人所支持 B、是否同历史发展的必然趋势相符合 C、在形式上是否新奇 D、在时间上是否是新近发生的 ,正确答案： B
167,“沉舟侧畔千帆过，病树前头万木春。”“芳林新叶催陈叶，流水前波让后波。”这两句诗包含的哲学道理是（ ）,A、矛盾是事物发展的动力 B、事物是现象和本质的统一 C、事物的发展是量变和质变的统一 D、新事物代替旧事物是事物发展的总趋势 ,正确答案： D
168,唯物辩证法的实质与核心是（ ）,A、内容决定形式的规律 B、否定之否定规律 C、质量互变规律 D、对立统一规律 ,正确答案： D
169,对立统一规律揭示了（ ）,A、事物发展的动力和源泉 B、事物发展的状态和形式 C、事物发展的方向和道路 D、事物发展的两种趋向 ,正确答案： A
170,在唯物辩证法看来，房子同平房、楼房、别墅等的关系属于（ ）,A、整体和部分的关系 B、共性和个性的关系 C、本质和现象的关系 D、高级和低级的关系 ,正确答案： B
171,中国特色社会主义理论的哲学根据是（ ）,A、矛盾的普遍性与特殊性的关系 B、矛盾的同一性与斗争性的关系 C、形式与内容的关系 D、本质与现象的关系 ,正确答案： A
172,在实际工作中，要注意掌握分寸，防止“过”或“不及”，这在哲学上属于（ ）,A、抓事物的主要矛盾 B、确定事物的质 C、认识事物的量 D、把握事物的度 ,正确答案： D
173,量变和质变的根本区别是（ ）,A、量变是渐进的，质变是突然的 B、量变是不显著的，质变是显著的 C、量变是在度的范围内的变化，质变是超出度的范围的变化 D、量变是以数量规定的，质变是以属性规定的 ,正确答案： C
174,事物的发展既是连续的又是非连续的，这是（ ）,A、辩证法的观点 B、形而上学的观点 C、二元论的观点 D、诡辩论的观点 ,正确答案： A
175,事物的否定方面是指（ ）,A、事物中处于主导地位的方面 B、事物中消极的方面 C、事物中维持其存在的方面 D、事物中促使其灭亡的方面 ,正确答案： D
176,辩证法的否定即“扬弃”，它的含义是指（ ）,A、抛弃 B、事物中好的方面和坏的方面的组合 C、纯粹的否定 D、既克服又保留 ,正确答案： D
177,唯物辩证法的否定之否定规律揭示了事物发展的（ ）,A、前进性和曲折性 B、形式和状态 C、结构和功能 D、源泉和动力 ,正确答案： A
178,对立统一规律（ ）唯物辩证法的实质和核心,A、不是 B、以前是 C、是 D、曾经是 ,正确答案： C
179,事物的联系是事物本身所固有的，不是主观臆想的。表明联系的（ ）,A、客观性 B、普遍性 C、多样性 D、条件性 ,正确答案： A
180,马克思主义哲学认为，世界统一于（ ）,A、意识 B、永恒发展 C、矛盾 D、物质 ,正确答案： D
181,矛盾的对立属性又称（ ）,A、斗争性 B、对抗性 C、分裂性 D、否定性 ,正确答案： A
182,“城门失火，殃及池鱼”说明（ ）,A、任何事物和现象都是彼此联系的 B、任何事物和现象都是彼此孤立的 C、任何事物和现象之间的联系是主观随意的 D、事物之间是互不影响的 ,正确答案： A
183,唯物辩证法的总特征是（ ）,A、矛盾的同一性和斗争性相结合的观点 B、普遍联系和永恒发展的观点 C、矛盾的对立面既统一又斗争的观点 D、运动和静止辩证统一的观点 ,正确答案： B
184,矛盾的同一性是指矛盾双方（ ）,A、绝对的一致 B、完全的平衡 C、无差别的统一 D、相互联系、相互吸引 ,正确答案： D
185,矛盾的转化是（ ）,A、向任何一个方向转化 B、向自己的对立面转化 C、向没有矛盾的方向转化 D、向矛盾激化的方向转化 ,正确答案： B
186,矛盾的斗争性是指矛盾着的对立面之间（ ）,A、相互离异、相互排斥的性质和趋势 B、相互渗透和相互转化的性质和趋势 C、绝对对立 D、绝对不同 ,正确答案： A
187,唯物主义的第二个历史发展阶段是（ ）,A、马克思主义阶段 B、机械唯物主义 C、朴素唯物主义 D、科学主义 ,正确答案： B
188,辩证唯物主义认为运动是（ ）,A、标志宇宙间一切事物存在的哲学范畴 B、标志宇宙间一切事物、现象和过程的变化的哲学范畴 C、标志宇宙间一切事物、现象的飞跃和质变的哲学范畴 D、标志宇宙间一切机械运动和位置移动的哲学范畴 ,正确答案： B
189,正确发挥意识能动作用的客观前提是（ ）,A、要有旺盛的革命热情 B、正确反映客观规律 C、充分发挥集体主义精神 D、把世界的万物之源归结为主观精神 ,正确答案： B
190,矛盾问题的精髓是（ ）,A、矛盾的同一性和斗争性的关系 B、主要矛盾和次要矛盾的关系 C、矛盾的普遍性和特殊性的关系 D、内因和外因的关系 ,正确答案： C
191,划分唯物主义和唯心主义的标准在于是否承认（ ）,A、世界是普遍联系的 B、世界是运动、变化、发展的 C、世界是物质的 D、世界是统一的 ,正确答案： C
192,成语“城门失火，殃及池鱼”所蕴含的道理是（ ）,A、直接联系 B、间接联系 C、本质联系 D、必然联系 ,正确答案： B
193,坚持就是胜利说明了（ ）。,A、必然性通过偶然性开辟道路 B、肯定与否定相互包含 C、量变到一定程度必然会引起质变 D、有因必然有果 ,正确答案： C
194,“白鹭岛，岛旁舟，舟行岛不行”说明静止是（ ）。,A、运动的存在方式 B、运动的普遍状态 C、运动的内在原因 D、运动的衡量尺度 ,正确答案： D
195,“上课不听讲”、“考试就发蒙”两者之间存在着（ ）联系。,A、本质 B、必然 C、主观 D、因果 ,正确答案： D
196,吃饭只能吃个八分饱，说明了（ ）。,A、量变会引起质变 B、把握适度原则 C、时时注意事物的自我否定 D、现象与本质之间隔着鸿沟 ,正确答案： B
197,马克思主义哲学和具体科学的关系属于（ ）,A、 内容和形式的关系  B、 整体和部分的关系  C、 原因和结果的关系  D、 共性和个性的关系  ,正确答案： D
198,马克思主义哲学区别于一切旧哲学的最主要、最显著的特征是,A、逻辑性 B、思辨性 C、实践性 D、科学性 ,正确答案： C
199,马克思主义哲学产生的最主要的自然科学基础是,A、机械力学 B、地质学和胚胎学 C、动植物生理学和有机化学 D、细胞学说、能量守恒和转化定律、生物进化论 ,正确答案： D
200,马克思主义哲学研究的对象是(  ),A、 关于自然、社会和思维发展的一般规律  B、 自然界发展的一般规律  C、 理论思维发展的一般律  D、 社会历史发展的一般律  ,正确答案： A
201,马克思主义哲学和具体科学的关系是,A、 主要矛盾和次要矛盾的关系  B、 整体和部分的关系  C、 一般和个别的关系  D、 理论和实际的关系  ,正确答案： C
202,现代科技革命的成果对马克思主义哲学的影响是,A、 使马克思主义哲学越来越不适应现时代  B、 深化和拓展了马克思主义哲学宇宙观  C、 证明马克思主义哲学是绝对真理的体系  D、 对马克思主义哲学时基本原理作了否证  ,正确答案： B
203,学习马克思主义哲学的根本方法是,A、 从个别到一般的方法  B、 向社会实践学习的方法  C、 理论联系实际的方法  D、 逻辑推理的方法  ,正确答案： C
204,马列主义、毛泽东思想、邓小平理论的精髓是,A、对立统一规律 B、实事求是 C、能动的革命的反映论 D、为人民服务 ,正确答案： B
205,马克思主义哲学对唯心主义哲学的科学态度是,A、坚决批判、彻底否认 B、避而远之，不闻不问 C、弃其槽粕、取其精华 D、有用则取之，无用则舍之 ,正确答案： C
206,现代西方哲学人本主义思潮发端于,A、 黑格尔  B、 尼采、叔本华  C、 萨特  D、 费尔巴哈  ,正确答案： B
207,马克思主义哲学按其本性来说是,A、 运动的、发展的  B、 批判的、革命的  C、 科学的、真理的  D、 实践的、客观的  ,正确答案： B
208,马克思主义在中国传播最早的代表人物是,A、 李大钊  B、 陈独秀  C、 毛泽东  D、 周恩来  ,正确答案： A
209,事物发展呈现绮浪式前进的总趋势，说明了事物发展的（    ）,A、对立统一规律 B、否定之否定规律 C、质量互变规律 D、历史发展必然性与偶然性的统一 ,正确答案： B
210,中国古代哲学家荀子说：“天行有常，不为尧存，不为桀亡。”这句话体现的哲学道理是,A、物质运动规律具有普遍性 B、物质运动规律具有重复性 C、物质运动规律具有稳定性 D、物质运动规律具有客观性 ,正确答案： D
211,物质无非是各种物的总和，是从这种总和抽象出来的。这种观点属于,A、辩证唯物主义物质观 B、形而上学唯物主义物质观 C、庸俗唯物主义物质观 D、朴素唯物主义物质观 ,正确答案： A
212,运动是物质的存在方式。这是对运动的,A、 唯心主义理解  B、 直观唯物主义理解  C、 辩证唯物主义理解  D、 庸俗唯物主义理解  ,正确答案： C
213,在物质和运动关系问题上，形而上学唯物主义的错误是,A、 夸大运动的绝对性  B、 设想无物质的运动  C、 否认静止的存在  D、 设想无运动的物质  ,正确答案： D
214,在物质和运动关系问题上，唯心主义哲学的错误是,A、 设想无物质的运动  B、 否认运动的存在  C、 否认静止的存在  D、 设想无运动的物质  ,正确答案： A
215,运动和静止的关系是,A、 现象和本质的关系  B、 一般和个别的关系  C、 绝对和相对的关系  D、 抽象和具体的关系  ,正确答案： C
216,时间和空间,A、同物质运动无关 B、是一种先验的形式 C、是运动着的物质的存在方式 D、是运动着的物质本身 ,正确答案： C
217,从动物心理发展到人的意识的决定性环节是,A、 手脚分工  B、 语言的产生  C、 社会的出现  D、 劳动  ,正确答案： D
218,意识是人脑的机能，表现（     ）,A、 人脑是意识的源泉  B、 意识是人脑自生的  C、 意识是人脑的分泌物  D、 人脑是产生意识的物质器官  ,正确答案： D
219,假定一切物质都具有在本质上跟感觉相近的特性，反映的特性。这种观点是（   ）,A、辩证唯物主义观点 B、主观唯心主义观点 C、朴素唯物主义观点 D、客观唯心主义观点 ,正确答案： A
220,“观念的东西不外是移入人脑并在人的头脑中改造过的物质的东西而已。”这种观念是（  ）,A、客观唯心主义观点 B、朴素唯物主义观点 C、唯意志主义观点 D、辩证唯物主义观点 ,正确答案： D
221,列宁关于“人的意识不仅反映客观世界，而且创造客观世界”的说法（   ）,A、 夸大了意识的作用  B、 正确地指出了意识的能动作用  C、 具有唯意志主义的倾向  D、 是主观唯心主义的表现  ,正确答案： B
222,唯心主义的一元论主张世界万物的本原是,A、精神 B、某种实物 C、原初的物质 D、原子 ,正确答案： A
223,世界的统一性在于它的（  ）,A、 存在性  B、 运动型  C、 物质性  D、 可知性  ,正确答案： C
224,意识能动性实现的根本途径是（,A、 社会实践  B、 主观势力  C、 客观规律  D、 先进的物质手段  ,正确答案： A
225,正确发挥意识能动作用的客观前提是（  ）,A、 个人积极性的发挥  B、 集体智慧的调动  C、 解放思想  D、 对客观规律的正确反映  ,正确答案： D
226,哲学物质范畴同自然科学的物质结构理论的关系是（  ）,A、 整体与部分的关系  B、 一般与个别的关系  C、 哲学物质范畴可以取代自然科学物质结构理论  D、 全局与局部的关系  ,正确答案： B
227,形而上学唯物主义物质观的错误在于,A、 没有自然科学的依据  B、 不懂得一般和个别的辩证关系  C、 否认了物质的客观性  D、 是对物质的自发猜测  ,正确答案： B
228,承认客观实在性是物质的唯一特性的哲学是（  ）,A、 朴素唯物主义  B、 形而上学唯物主义  C、 辩证唯物主义  D、 庸俗唯物主义  ,正确答案： C
229,首先提出物质是世界本原的哲学派别（  ）,A、形而上学唯物主义 B、朴素唯物主义 C、辩证唯物主义 D、庸俗唯物主义 ,正确答案： B
230,运动是物质的（  ）,A、 唯一特性  B、 根本属性  C、 外部现象  D、 内部本质  ,正确答案： B
231,设想脱离物质的运动会导致（  ）,A、 形而上学  B、 机械唯物论  C、 唯心主义  D、 二元论  ,正确答案： C
232,在世界是否具有同一性的问题上存在着（  ）,A、 可知论与不可知论的对立  B、 唯物论和唯心论的对立  C、 辩证法和形而上学的对立  D、 唯理论和经验论的对立  ,正确答案： A
233,时间具有一维性，这是指它的（  ）,A、 可变性  B、 无限性  C、 不可逆性  D、 连续性  ,正确答案： C
234,意识对物质的反作用，突出地表现为意识能（  ）,A、 创造物质  B、 自由地创造和运用规律  C、 改造客观世界  D、 决定物质的状态  ,正确答案： C
235,认为一切物质都具有在本质上与感觉相近的反映特性，这是一种（  ）,A、 辩证唯物主义的观点  B、 形而上学的观点  C、 唯心主义的观点  D、 诡辩论的观点  ,正确答案： A
236,语言是意识的物质外壳，没有语言就不会有思维和意识，这种观点属于（  ）,A、 唯心主义  B、 形而上学  C、 历史唯心主义  D、 马克思主义哲学  ,正确答案： D
237,意识的本质是（    ）,A、在外界刺激下人脑分泌的特殊物质 B、人脑的机能和对客观存在的反映 C、人脑纯粹的主观想象 D、在内外刺激作用下人脑发生的生理变化过程 ,正确答案： B
238,“狼孩”没有意识，这一事实说明,A、 意识是生物界长期发展的产物  B、 意识是社会的产物  C、 意识是人脑发展的产物  D、 意识是对客观世界的反映  ,正确答案： B
239,“意识是人脑分泌的特殊物质，”这是（  ）,A、 辩证唯物主义的观点  B、 机械唯物主义的观点  C、 朴素唯物主义的观点  D、 庸俗唯物主义的观点  ,正确答案： D
240,人工智能的出现和发展证明（  ）,A、 意识不是人类所特有的现象  B、 物质是意识产生的基础  C、 对人脑机能的认识已经完成  D、 及其四位最终会超过人类思维  ,正确答案： B
241,物质运动最终高级的形式是（  ）,A、 化学运动  B、 物理运动  C、 生物运动  D、 社会运动  ,正确答案： D
242,“动中有静，静中有动”说明（  ）,A、 物质和运动的统一  B、 绝对运动和相对静止的统一  C、 有限性和无限性的统一  D、 唯物主义和辩证法的统一  ,正确答案： B
243,把静止绝对化的观点是（   ）,A、 唯物主义的观点  B、 唯心主义的观点  C、 形而上学的观点  D、 辩证法的观点  ,正确答案： C
244,古希腊哲学家克拉底鲁指出，万物瞬息万变，不可捉摸，人连一次也不能踏 进同一条河流。这是一种（  ）,A、 唯心主义的观点  B、 形而上学的观点  C、 相对主义诡辩论的观点  D、 庸俗进化论的观点  ,正确答案： C
245,能够证明时间、空间的绝对性和相对性相统一的自然科学理论是（  ）,A、 电磁场理论  B、 原子结构学说  C、 牛顿力学理论  D、 相对论  ,正确答案： D
246,爱因斯坦的相对论揭示了（   ）,A、 时间和空间的无限性  B、 时间和空间的有限性  C、 时间和空间的连续性  D、 时间和空间的相对性  ,正确答案： D
247,古诗说“王子去求仙，丹成入九天，洞中方七日，世上已千年”。这是用神 话形式说明时间（  ）,A、 是有限的  B、 是客观的  C、 是相对的  D、 是可知的  ,正确答案： C
248,“机不可失，时不再来”指的是（ ）,A、时间的连续性 B、时间的一维性 C、时间的顺序性 D、时间的重复性 ,正确答案： B
249,马克思主义哲学大厦的基石是（ ）,A、 世界是联系和发展的原理  B、 世界统一于心灵的原理  C、 世界统一于物质的原理  D、 世界统一于精神的原理  ,正确答案： C
250,唯物主义哲学的基石是（  ）,A、 历史范畴  B、 经济范畴  C、 物质范畴  D、 阶级范畴  ,正确答案： C
251,“心有多大，舞台就有多大。”这是（ ）,A、主张充分发挥意识能动作用的观点 B、主观唯心主义的观点 C、客观唯心主义的观点 D、朴素唯物主义的观点 ,正确答案： B
252,人类社会生存和发展的重要条件是（  ）,A、生产方式 B、自然地理环境 C、生产力 D、人口因素 ,正确答案： D
253,结合所学知识并思考，通过塞罕坝林场荣获“地球卫士奖”以及我们正在面临的“新冠疫情”案例，你认为人类与自然的关系是？（  ）,A、 人可以改变规律  B、 人可以创造规律  C、 人可以消灭规律  D、 人可以认识和利用规律  ,正确答案： D
254,时间和空间“离开了物质，当然都是无，都只是在我们头脑中存在地空洞的 观念、抽象。”这段话说明（  ）,A、时间和空间是人脑中自生的概念 B、时间和空间是物质存在的形式 C、时间和空间是相对和绝对的统一 D、时间和空间具有客观性 ,正确答案： D
255,因为物质和运动是不可分割的，所以（  ）,A、没有运动就没有物质 B、没有物质就没有运动 C、没有不运动的物质，也没有脱离物质的运动 D、运动是无限的，静止是有限的 ,正确答案： C
256,结合教学案例“任其挣扎”和所学知识，你认为以下选项中正确的是：,A、 人在客观规律面前是无能为力的  B、 人只要主观能动性强就可以改变客观规律  C、 正确发挥主观能动性的前提是对客观规律的正确反映  D、 人类终究不能认识和利用自然规律  ,正确答案： C
257,客观实在性是（  ）,A、 运动的唯一特性  B、 物质的唯一特性  C、 存在的唯一特性  D、 意识的唯一特性  ,正确答案： B
258,认为一切物质都具有在本质上跟感觉相近的反映特性，这是（  ）,A、合乎逻辑的 B、唯心论 C、形而上学 D、诡辩论 ,正确答案： A
259,合抱之木，生于毫末；九层之台，起于垒土；千里之行，始于足下说明了（  ）,A、量变是质量的必要准备 B、质量互变是相互渗透的 C、质变是量变的必然结果 D、质变和量变是相互贯通的 ,正确答案： A
260,久旱缺雨时，下雨对庄稼生长有益；雨涝成灾时，下雨对庄稼生长有害。这说明（  ）,A、事物的联系是普遍的、无条件的 B、事物的联系是现实的、具体的 C、事物的运动是客观的、绝对的 D、事物发展的根本原因是事物的内部矛盾 ,正确答案： B
261,“朝为田舍郎，暮登天子堂”这句话说明了（  ）,A、人的本质特征：社会性 B、人的本质特征：发展性 C、人的本质特征：客观性 D、人的本质特征：具体性 ,正确答案： B
262,“割下来的手就不再是人手”这句话体现了（  ）,A、 形而上学片面的、孤立的观点  B、 辩证法普遍联系的观点  C、 唯心主义的观点  D、 诡辩论的观点  ,正确答案： B
263,事物的联系和运动的关系是(     ）,A、 先有联系、后有运动  B、 先有运动、后有联系  C、 运动构成联系  D、 联系构成运动  ,正确答案： D
264,联系的客观性和普遍性原理的方法论意义在于（  ）,A、要求我们用联系的观点看世界 B、它是认识事物本质的基础 C、它是科学分门别类的客观依据 D、它是正确区分不同事物的基础 ,正确答案： A
265,唯物辩证法认为发展的实质是（  ）,A、事物数量的增加 B、事物根本性质的变化 C、事物的一切运动变化 D、新事物的产生和旧事物的灭亡 ,正确答案： D
266,“世界不是既成事物的集合体，而是过程的集合体。”这句话是一种（  ）,A、 唯物辩证法的观点  B、 唯心主义的观点  C、 形而上学的观点  D、 相对主义的观点  ,正确答案： A
267,两种对立的发展观是（  ）,A、唯物主义和唯心主义的对立 B、唯物辩证法和形而上学的对立 C、可知论和不可知论的对立 D、唯物史观和唯心史观的对立 ,正确答案： B
268,质量互变规律揭示了（  ）,A、事物发展的动力和源泉 B、事物发展的状态和形式 C、事物发展的方向和道路 D、事物发展的两种趋势 ,正确答案： B
269,质和事物的存在是（  ）,A、 相互对立的  B、 相互包含的  C、 直接同一的  D、 相互转化的  ,正确答案： C
270,事物的质是指,A、构成事物内在要素的总和 B、组成事物基本要素的内在联系 C、一事物区别于其他事物的内在规定性 D、事物的规模、发展程度和速度等规定性 ,正确答案： C
271,区分同质事物的差别依据是（  ）,A、事物的度 B、事物质的规定性 C、事物量的规定性 D、事物的特殊矛盾 ,正确答案： C
272,面对消极腐败的东西，我们一定要提高警惕，做到见微知著，防微杜渐。因为（  ）,A、量变积累到一定程度必然引起质变 B、原因必然引起结果 C、外因通过内因而起作用 D、矛盾双方在一定条件下相互转化 ,正确答案： A
273,在实际工作中，要注意掌握分寸，防止“过”或“不及”，其关键在于（  ）,A、认识事物的量 B、把握事物的度 C、确定事物的质 D、抓住事物的主要矛盾 ,正确答案： B
274,区分量变和质变的根本标志是看,A、 事物的变化是否显著  B、 事物的变化是否迅速  C、 事物的某些属性是否发生了变化  D、 事物的变化是否超出度的范围  ,正确答案： D
275,量变的复杂性是指（  ）,A、 量变的程度发展不同  B、 量变形式的多样性和总的量变过程中有部分质变  C、 质变中有量的扩张  D、 量变有在度的范围内的变化和突破度的范围的变化  ,正确答案： B
276,阶段性部分质变表现了（  ）,A、 事物内部各部分之间变化的不平衡性  B、 事物整体与某些构成部分之间变化的不平衡性  C、 事物与事物之间变化的不平衡性  D、 事物的本质属性与非本质属性之间变化的不平衡性  ,正确答案： D
277,“肯定和否定相互渗透，在一定意义上，肯定就是否定。”这是一种（  ）,A、相对主义诡辩论的观点 B、唯物辩证法的观点 C、主观唯心主义的观点 D、形而上学的观点 ,正确答案： B
278,庄子说：“是亦彼也，彼亦是也。”这是一种（  ）,A、唯物主义观点 B、唯心主义观点 C、形而上学观点 D、相对主义观点 ,正确答案： D
279,作为辩证的否定的“扬弃”是（  ）,A、 既保留又继承  B、 彻底抛弃  C、 既克服又保留  D、 矛盾的调和  ,正确答案： C
280,否定之否定规律（  ）,A、在事物完成一个发展周期时才能完整地表现出来 B、在事物发展过程中任何一点上都可以表现出来 C、在事物经过量变和质变两种状态后表现出来 D、在事物发展过程中经过肯定和否定两个阶段表现出来 ,正确答案： A
281,事物发展的周期性体现了（  ），而不是直线论和循环轮。,A、事物发展的直线性与曲折性的统一 B、事物发展是一个不断地回到出发点的运动 C、事物发展的周而复始的循环性 D、事物发展的前进性和曲折性的统一 ,正确答案： D
282,直线论的错误在于只看到（  ）,A、 事物发展的周期性而否认了前进性  B、 事物发展的前进性而否认了曲折性  C、 事物发展的间接性而否认了连续性  D、 事物发展的曲折性而否认了周期性  ,正确答案： B
283,循环论的错误在于（  ）,A、 只看到事物发展的普遍性，没有看到事物发展过程的特殊性  B、 只看到事物的绝对运动，没有看到事物的相对静止  C、 只看到事物发展道路的曲折性，没有看到事物发展趋势的前进性  D、 只看到新旧事物之间的连续性，没有看到新旧事物之间的间断性  ,正确答案： C
284,矛盾的斗争性是一个广泛的哲学范畴，它的含义是（  ）,A、对立面双方相互依存的性质 B、对立面双方相互贯通的性质 C、对立面双方相互转化的性质 D、对立面双方相互离异、相互排斥的性质 ,正确答案： D
285,依据唯物辩证法关于内因、外因相互关系原理制定的方针政策是（  ）,A、 既坚持四项基本原则，又坚持改革  B、 既坚持物质文明，又坚持精神文明  C、 既坚持独立自主、自力更生，又坚持对外开放  D、 既抓经济建设，又抓阶级斗争  ,正确答案： C
286,矛盾问题的精髓是（  ）,A、 矛盾的普遍性和特殊性关系的问题  B、 矛盾的同一性和斗争性关系的问题  C、 主要矛盾和次要矛盾关系的问题  D、 矛盾的主要方面和次要方面关系的问题  ,正确答案： A
287,“任何个别（无论怎样）都是一般”。这句话的正确含义是（  ）,A、特殊性就是普遍性 B、特殊性存在于普遍性之中 C、普遍性是特殊性的总和 D、特殊性中包含普遍性 ,正确答案： D
288,辩证法和形而上学的根本分歧在于是否承认（  ）,A、 事物是客观存在的  B、 事物是普遍联系的  C、 事物是运动发展的  D、 矛盾是事物发展的动力  ,正确答案： D
289,两条根本对立的认识路线是（  ）,A、 可知论与不可知论的对立  B、 辩证法与形而上学的对立  C、 唯物主义反映论与唯心主义先验论的对立  D、 能动革命的反映论与直观被动的反映论的对立  ,正确答案： C
290,驳斥不可知论最有力的论据是（  ）,A、 社会实践可以证明人们能正确认识世界  B、 物质是可以通过感觉感知的  C、 人可以透过现象揭示本质  D、 感性认识可以上升为理性认识  ,正确答案： A
291,唯物主义认识论都坚持（  ）,A、 唯理论  B、 经验论  C、 先验论  D、 反映论  ,正确答案： D
292,“人的认识是主体对客体的直观反映。”这种观点属于（  ）,A、辩证唯物主义认识论 B、客观唯心主义认识论 C、主观唯心主义认识论 D、形而上学唯物主义认识论 ,正确答案： D
293,“从物到感觉和思想”与“从思想和感觉到物”的对立，属于（  ）,A、辩证法和形而上学的对立 B、经验论和唯理论的对立 C、能动革命的反映论和直观被动的反映论的对立 D、唯物主义反映论和唯心主义先验论的对立 ,正确答案： D
294,下列选项中，正确表述认识客体的含义的是（  ）,A、 认识的客体是主体创造出来的对象  B、 认识的客体是外部自然界  C、 认识的客体是客观存在的事物  D、 认识的客体是主体实践和认识的对象  ,正确答案： D
295,认识的主体和客体之间的最基本的关系是（  ）,A、改造与被改造的实践关系 B、反映与被反映的认识关系 C、相互依存的关系 D、相互作用的关系 ,正确答案： A
296,认识的本质是（  ）,A、 主体对客体的加工  B、 主体对客体的改造  C、 主体对客体的能动反映  D、 主体对客体的作用  ,正确答案： C
297,中国古代哲学家荀子说：“天行有常，不为尧存，不为桀亡。”这是一种（ ）,A、 宿命论观点  B、 唯意志论观点  C、 机械唯物论观点  D、 朴素唯物论观点  ,正确答案： D
298,在马克思主义哲学产生以前不曾存在（ ）,A、 唯物主义和唯心主义的斗争  B、 唯物史观和唯心史观的斗争  C、 辩证法和形而上学的斗争  D、 可知论和不可知论的斗争  ,正确答案： B
299,“人为自然立法”的观点属于（ ）,A、 宿命论  B、 主观唯心主义  C、 机械唯物主义  D、 客观唯心主义  ,正确答案： B
300,“沉舟侧辞千帆过，病树前头万木春。”“芳林新叶催陈叶，流水前波让后波。”这两句诗包含的哲学道理是（）,A、 矛盾是事物发展的动力  B、 事物是本质和现象的统一  C、 事物的发展是量变和质变的统一  D、 新事物代替旧事物是事物发展的总趋势  ,正确答案： D
301,“坐地日行八万里，巡天遥看一千河”，这一著名诗句包含的哲理是（ ）,A、 物质运动的客观性和时空的主观性的统一  B、 物质运动无限性和有限性的统一  C、 时空的无限性和有限性的统一  D、 运动的绝对性和静止的相对性的统一  ,正确答案： D
302,古代朴素唯物主义把世界的本原归结为（ ）,A、客观存在的各种物体 B、宇宙中存在的一切现象 C、物质的具体形态和结构 D、某种具体的“原初物质” ,正确答案： D
303,哲学上的一元论就是承认（ ）,A、 世界是物质  B、 世界在本质上是精神  C、 世界是发展的  D、 世界的本原只有一个  ,正确答案： D
304,马克思说：人在“劳动过程结束是得到的结果，在这个过程开始时就已经在劳动者的表象中存在着，即已经观念地存在着”。这是说意识活动的（）,A、创造性 B、目的性和计划性 C、指导实践改造客观世界的作用 D、指导、控制人的行为和生理活动的作用 ,正确答案： B
305,“巧妇难为无米之炊”，这说明（   ）,A、 人的能动作用是受客观条件制约的  B、 必须发挥人的主观能动性  C、 物质不是依人的意志为转移的客观存在  D、 人不能创造和消灭规律  ,正确答案： A
306,中国古代哲学家公孙龙“白马非马”之说的错误在于割裂了（ ）,A、内因和外因的关系 B、矛盾统一性和斗争性的关系 C、矛盾主要方面和次要方面的关系 D、矛盾的普遍性和特殊性的关系 ,正确答案： D
307,下列观点属于主观唯心主义的是（ ）,A、 心外无物，心外无理  B、 理在气中，理随事变  C、 富贵在天，死生由命  D、 理在事先，事随理变  ,正确答案： A
308,下列属于客观唯心主义的是（ ）,A、 存在就是被感知  B、 物是感觉的复合  C、 意识是万物的本原  D、 理在事先  ,正确答案： D
309,“存在就是被感知”是（ ）,A、 机械唯物主义观点  B、 客观唯物主义观点  C、 朴素唯物主义观点  D、 主观唯心主义观点  ,正确答案： D
310,广大农民在致富奔小康的过程中深切体会到：“要富口袋，先富脑袋”。这一说法在哲学上的含义是(),A、精神是第一性的，物质是第二性 B、精神的力量可以变成物质的力量 C、精神的力量可以代替物质的力量 D、先有精神，后有物质 ,正确答案： B
311,古代朴素唯物主义把世界的本原归根结为（ ）,A、绝对观念 B、客观实在 C、理念世界 D、“原初”物质 ，比如水或火 ,正确答案： D
312,哲学的基本问题是（ ）,A、 社会和自然的关系问题  B、 思维与存在的关系问题  C、 政治和经济的关系问题  D、 实践和理论的关系问题  ,正确答案： B
313,哲学所研究的一般规律，适用于（ ）,A、 客观物质世界的某些领域  B、 客观物质世界的某一领域  C、 客观物质世界的一切领域  D、 社会的经济和政治领域  ,正确答案： C
314,马克思主义认为，哲学是（ ）,A、 人们自发形成的世界观  B、 理论化、系统化的世界观  C、 科学的世界观  D、 无产阶级的世界观  ,正确答案： B
315,肯定思维和存在有同一性，这是（ ）,A、 辩证法的观点  B、 形而上学的观点  C、 唯心主义的观点  D、 可知论的观点  ,正确答案： D
316,唯心主义的基本形式是（ ）,A、 客观唯心主义与主观唯心主义  B、 一元论唯心主义与二元论唯心主义  C、 经验论唯心主义与为理论唯心主义  D、 辩证唯心主义与形而上学唯心主义  ,正确答案： A
317,实践活动的三项基本要素是,A、实践能力 B、实践主体 C、实践中介 D、实践客体 ,正确答案： BCD
318,下列各项属于哲学基本问题内容的有（ ）,A、 思维与存在何者第一性  B、 思维能否产生理论  C、 思维与存在是否有同一性  D、 思维能否正确地反映存在  E、 思维能否反作用于存在  ,正确答案： ACD
319,以下各项属于主观唯心主义观点的有（     ）,A、 存在就是被感知  B、 物是观念的复合  C、 理在事先  D、 心外无事，心外无理  E、 吾心即宇宙  ,正确答案： ABDE
320,以下各项属于主观唯心主义观点的有（ ）,A、存在就是被感知 B、物是观念的复合 C、理在事先 D、心外无事，心外无理 ,正确答案： ABD
321,某山村小镇自20世纪70年代发现矾矿以来，办了三个矾矿厂。由于没有严格的环境保护措施，每天排放大量矿烟，致使村民中大多数人患有呼吸道疾病和皮肤病。这一做法从哲学上看违背了（）,A、事物普遍联系的原理 B、事物联系复杂多样性的原理 C、事物运动发展的原理 D、事物的普遍性和特殊性关系的原理 ,正确答案： AB
322,下列观点属于客观唯心主义的有（ ）,A、事物是理念的影子 B、“理在事先” C、世界是“绝对观念”的外化 D、“未有天地万物，已有天地万物之理” ,正确答案： ABCD
323,唯物主义的发展经历了以下几种形态（ ）,A、古代朴素的唯物主义 B、自然科学的唯物主义 C、近代形而上学唯物主义 D、辩证唯物主义 ,正确答案： ACD
324,近代形而上学唯物主义的严重缺陷有（ ）,A、 否认物质对意识的决定作用  B、 用机械力学的观点解释一切现象  C、 不能把世界理解为处于运动变化中的过程  D、 不能把唯物主义观点贯彻到社会历史领域  E、 否认世界的可知性  ,正确答案： BCD
325,哲学上的二元论（ ）,A、 既是唯物论，又是唯心论  B、 最终必然导向唯心论  C、 本质上属于唯物论  D、 不能把自己的主张坚持到底  E、 是超越唯物论和唯心论的基本派别  ,正确答案： BD
326,下列选项中，属于唯物主义历史形态的有（ ）,A、 朴素唯物主义  B、 庸俗唯物主义  C、 形而上学唯物主义  D、 辩证唯物主义  E、 自然唯物主义  ,正确答案： ACD
327,近代机械唯物主义的严重缺陷是（ ）,A、 否认世界可知性  B、 机械性  C、 否认自然规律客观性  D、 形而上学性  E、 不彻底性  ,正确答案： BDE
328,主观唯心主义认为，世界的本原是（ ）,A、人的主观意识 B、人的主观感觉 C、人的心 D、绝对精神; ,正确答案： ABC
329,现代西方哲学从思想倾向上可分为两大思潮，它们分别是,A、 主观唯心主义  B、 客观唯心主义  C、 人本主义  D、 科学主义  E、 非理性主义  ,正确答案： CD
330,下列各项属于马克思主义哲学实现的革命变革的表现的有,A、 提出阶级斗争的观点  B、 确立了科学实践观  C、 实现了唯物论和认识论的结合  D、 实现了唯物论和辩证法的结合  E、 实现了唯物主义的自然观与唯物主义的历史观的结合  ,正确答案： BDE
331,马克思主义哲学的产生是人类认识史上的伟大变革，因为它,A、 结束了“科学之科学”的哲学时代  B、 实现了唯物主义和辩证法的统一  C、 建立了绝对真理的理论体系  D、 使哲学发展到顶峰  E、 建立了唯物史观的理论体系  ,正确答案： ABE
332,当今科技发展的新成果，对马克思主义哲学产生的主要影响有,A、 证实、充实和发展了马克思主义哲学  B、 使马克思主义哲学越来越不适应现时代  C、 深化和拓展了马克思主义哲学宇宙观  D、 否证了马克思主义哲学的基本原理  E、 马克思主义哲学未发生任何变化  ,正确答案： AC
333,下列哲学流派属于现代人本主义思潮的有,A、唯意志主义 B、实证主义 C、马赫主义 D、逻辑实证主义 E、存在主义 ,正确答案： AE
334,马克思列宁主义同中国实际相结合出现的三大理论成果分别是,A、中国革命的战略和策略 B、中国共产党建党学说 C、习近平新时代中国特色社会主义理论 D、毛泽东思想 E、邓小平理论 ,正确答案： CDE
335,哲学与具体科学的关系是,A、 绝对真理与相对真理的关系  B、 思维与存在的关系  C、 认识世界与改造世界的关系  D、 指导与被指导的关系  E、 一般与个别的关系  ,正确答案： DE
336,马克思主义哲学对待唯心主义的态度应该是,A、 揭露其错误的本质  B、 揭示其产生的根源  C、 全盘抛弃  D、 批判的吸取其合理的因素  E、 与其融为一体  ,正确答案： ABD
337,马克思主义哲学的科学性主要在于它,A、 是人类优秀文化成果的总汇  B、 是以实践为基础的唯物论和辩证法的统一  C、 是唯物主义的自然观和唯物主义的历史观的统一  D、 是关于自然、社会和思维发展的最一般规律的科学  E、 是高居于具体科学之上的“科学之科学”  ,正确答案： BCD
338,马克思主义哲学所讲的静止是指（  ）,A、 运动的一种特殊形式  B、 绝对不动  C、 排斥运动  D、 事物处于量变状态  E、 事物在特定参考系中未发生位置变动  ,正确答案： ADE
339,把感觉经验当成第一性的东西，实质上是（  ）,A、唯物主义观点 B、唯心主义先验论观点 C、朴素唯物主义观点 D、主观唯心主义观点 ,正确答案： BD
340,物质和运动的关系是（  ）,A、运动是物质的固有属性 B、物质是运动的承担者 C、运动是物质的存在方式 D、物质不一定都在运动 ,正确答案： ABC
341,社会的物质性体现在（  ）,A、劳动是社会产生和存在的决定性因素 B、在社会中不存在精神的现象和活动 C、物质资料的生产是社会历史的前提 D、全部社会生活在本质上是实践的 E、社会生活中不存在物质关系以外的其他关系 ,正确答案： ACD
342,意识的能动作用表现在（  ）,A、反映客观世界 B、决定物质世界 C、通过实践改造客观世界 D、创造理论体系 ,正确答案： ACD
343,意识的本质是（  ）,A、人脑的分泌物 B、对物质世界的反映 C、人脑的机能 D、观念的系统 ,正确答案： BC
344,下列活动属于人所独具的意识活动的有（  ）,A、三思而后行 B、饥不择食 C、眉头一皱计上心头 D、趋利避害的本能 E、科学预见未来 ,正确答案： ACE
345,物体的相对静止是（  ）,A、 物质分化的根本条件  B、 生命的根本条件  C、 物体存在与否的根本条件  D、 正确理解事物多样性的条件  E、 正确理解绝对运动的条件  ,正确答案： ADE
346,意识反作用于物质需要具备的条件是指（  ）,A、意识正确反映物质 B、意识被群众掌握 C、具备必要的物质手段 D、是否遵循物质决定意识的原则 E、社会实践 ,正确答案： BCE
347,客观规律性和主观能动性的关系是（  ）,A、 充分发挥主观能动性，才能认识和利用客观规律  B、 客观规律不能违背，所以限制了主观能动性的发挥  C、 正确发挥主观能动性，必须遵循客观规律  D、 越是尊重客观规律，就越能发挥主观能动性  E、 越是强调尊重客观规律，就越能发挥主观能动性  ,正确答案： ACD
348,列宁的物质定义的理论意义在于,A、坚持了唯物主义一元论 B、反对了唯心主义和二元论 C、坚持了唯物主义可知论 D、克服了形而上学唯物主义物质观的缺陷 ,正确答案： ABCD
349,按照辩证唯物主义的物质观，下列选项中属于物质的有（  ）,A、山脉河流 B、社会生产关系 C、引力场 D、城市建设规划 ,正确答案： ABC
350,近代形而上学唯物主义哲学家把原子理解为（  ）,A、构成物质世界一切事物的最小单位 B、是不变的 C、是不可分割的 D、是堆砌宇宙大厦的“宇宙之砖” ,正确答案： ABCD
351,下列选项中，正确表述运动含义的有（  ）,A、 运动是新事物的产生和旧事物的灭亡  B、 运动是物质存在的方式  C、 运动是物质位置的移动  D、 运动指宇宙中发生的一切变化和过程  E、 运动是物质的根本属性  ,正确答案： BDE
352,下列选项中，正确表述运动和静止关系的有,A、 动者恒动，静者恒静  B、 运动是绝对的，静止是相对的  C、 动中有静，静中有动  D、 运动是有条件的，静止是无条件的  E、 无动则有静，无静则有动  ,正确答案： BC
353,辩证唯物主义所说的静止是指（  ）,A、事物没有任何变化 B、事物运动的特殊状态 C、事物的空间相对位置未变 D、事物的根本性质没有变 ,正确答案： BCD
354,动摇牛顿绝对时空观的有（  ）,A、 信息论  B、 电子学理论  C、 狭义的相对论  D、 广义的相对论  E、 人们的日常生活经验  ,正确答案： CD
355,下列说法中，表示时间一维性的有（  ）,A、盛年不重来，一日难在晨 B、光阴好比河中水，只能流去不复回 C、莫说年纪小，人生容易老 D、一寸光阴一寸金，寸金难买寸光阴 ,正确答案： ABCD
356,从起源上说，意识是（  ）,A、感性认识的产物 B、理性认识的产物 C、自然界长期发展的产物 D、社会性劳动的产物 ,正确答案： CD
357,下列成语和常用语中，正确说明意识能动性的有（  ）,A、胸有成竹，料事如神 B、纸上谈兵，画饼充饥 C、天下无难事，只怕有心人 D、运筹帷幄之中，决胜千里之外 ,正确答案： ACD
358,下列见解中，能引导人们正确地发挥主观能动作用的有,A、 有条件要上，没有条件也要上  B、 自由是对必然的认识和对客观世界的改造  C、 根据实际情况，积极创造有利条件  D、 从现实条件出发，尊重客观规律  E、 对症下药，量体裁衣  ,正确答案： BCD
359,尽管历史上罗马教廷把哥白尼的“日心说”当作异端邪说加以打击，毁掉哥白尼的书，监禁伽利略，但这既不能改变地球绕太阳转的规律，也不能阻止人们接受“日心说”。这一事实说明（  ）,A、 客观规律不以人的意志为转移  B、 人在客观规律面前无能为力  C、 客观规律起作用是无条件的  D、 真理中包含着不依赖于人的客观内容  ,正确答案： AD
360,自在自然与人化自然的区别是（  ）,A、 客观与主观的区别  B、 客体与主体的区别  C、 人与自然的区别  D、 客观于客体的区别  E、 相对于人的可能性存在与现实性存在地区别  ,正确答案： AC
361,“观念的东西不外是移入人的头脑并在人的头脑中改造过的物质的东西而 已，”这一命题揭示了：（  ）,A、 观念的东西和物质的东西是对立的统一  B、 在意识中体现了主观和客观的统一  C、 人脑是意识的源泉  D、 观念的东西是对物质的东西的能动反映  E、 没有被反映者，就没有反映  ,正确答案： ABDE
362,劳动在人类社会发展中的地位和作用是（  ）,A、 劳动创造了人和人类社会  B、 劳动是一切历史的前提和基础  C、 劳动发展史是打开全部社会史的钥匙  D、 劳动是社会活动的全部内容  ,正确答案： ABC
363,下列命题反映事物之间客观联系的有（  ）,A、森林覆盖面的大小影响气候 B、人口数量的多少影响社会发展 C、亚洲金融危机影响中国经济的增长速度 D、天空出现彗星预示社会要爆发战争 ,正确答案： ABC
364,手从身体上割下来，名可叫做手，实已不是手了。这句话体现（  ）,A、 整体是由部分组成的  B、 部分与整体是联系在一起的  C、 整体大于部分的总和  D、 部分离开整体就失去原来的意义  E、 部分反作用于整体  ,正确答案： BD
365,新事物优越于旧事物，这是由于（  ）,A、 新事物是在新的历史条件下产生的  B、 新事物具有旧事物没有的新形式  C、 新事物抛弃了旧事物中消极的东西  D、 新事物保留了旧事物中的积极因素  E、 新事物增添了富有生命力的新内容  ,正确答案： CDE
366,判断一个事物是否是新事物的错误观点是（  ）,A、 根据它时间上出现的先后  B、 根据它的形式是否新奇  C、 根据它的力量是否强大  D、 是否符合事物发展的必然趋势  E、 是否具有强大的生命力和广阔的发展前途  ,正确答案： ABC
367,在社会历史发展中，新事物必然战胜旧事物，这是由于（  ）,A、 新事物符合历史发展规律，有强大的生命力  B、 新事物优越于旧事物  C、 新事物得到广大人民群众的支持  D、 新事物是在新的历史条件下产生的  E、 新事物具有旧事物没有的新特点  ,正确答案： ABC
368,唯物辩证法与形而上学的对立表现在是否承认（   ）,A、世界是物质的 B、世界是可以认识的 C、世界上的事物是普遍联系的 D、世界上的事物是运动发展的 E、矛盾是事物发展的根本原因 ,正确答案： CDE
369,下列属于唯物辩证法的基本规律的有（  ）,A、对立统一规律揭示事物发展的动力和源泉 B、质量互变规律揭示事物发展的状态和形式 C、否定之否定规律揭示事物发展的趋势和道路 D、阶级斗争规律是阶级社会发展的直接动力 ,正确答案： ABC
370,下列各项正确反映量变与质变的辩证关系的有（  ）,A、 量变是质变的前提和必要准备  B、 质变是量变的前提和必要准备  C、 质变是量变的必然结果  D、 质变体现和巩固量变的成果，并为新的量变开拓道路  E、 事物的量变和质变相互转化过程体现了事物运动发展是连续性和飞跃性的统一  ,正确答案： ACDE
371,“奢靡之始，危亡之渐。”包含的哲理有（   ）,A、 现象是本质的外部表现  B、 特殊性中包含着普遍性  C、 量变是质变的必要准备  D、 质变是量变的必然结果  E、 质变会引起新的量变  ,正确答案： CD
372,下列选项中，体现量变引起质变的哲学道理的有（  ）,A、 九层之台，起于垒土  B、 千里之行，始于足下  C、 长堤溃蚁穴，君子慎其微  D、 天下无难事，只怕有心人  E、 水滴石穿，绳锯木断  ,正确答案： ABCE
373,割裂量变和质变的统一会导致（   ）,A、 庸俗唯物主义  B、 庸俗进化论  C、 改良主义  D、 激变论  E、 冒险主义  ,正确答案： BCDE
374,辩证法的否定观包含的内容有（   ）,A、辩证的否定是自我否定 B、辩证的否定是联系的环节 C、辩证的否定是发展的环节 D、辩证的否定是扬弃 ,正确答案： ABCD
375,辩证的否定具有两个重要特点，分别是,A、 否定是联系的环节  B、 否定是发展的环节  C、 否定与肯定绝对对立  D、 否定是由外力推动的  E、 否定中不包含肯定  ,正确答案： AB
376,同一性是矛盾的基本属性。下列命题中属于矛盾的同一性含义的有（  ）,A、矛盾双方相互依存 B、矛盾双方相互排斥 C、矛盾双方相互贯通 D、矛盾双方相互渗透 E、矛盾双方相互转化 ,正确答案： ACDE
377,下列选项中属于矛盾斗争性的表现的有（  ）,A、 剥削阶级与被剥削阶级的对立  B、 各地区之间经济发展的不平衡  C、 先进思想与落后思想的冲突  D、 人民的内部的意见分歧  E、 同学之间对某一问题认识上的差异  ,正确答案： ABCDE
378,矛盾发展的不平衡性是指（  ）,A、内部矛盾与外部矛盾的不平衡 B、主要矛盾与次要矛盾的不平衡 C、普遍矛盾与特殊矛盾的不平衡 D、矛盾的主要方面与次要方面的不平衡 E、形式逻辑矛盾与辩证矛盾的不平衡 ,正确答案： BD
379,看问题、办事情都要坚持（  ）,A、两点论和重点论的统一 B、两点论和均衡论的统一 C、一点论和重点论的统一 D、一点论和均衡论的统一 E、既要全面，又要抓重点 ,正确答案： AE
380,对立统一规律是唯物辩证法的实质和核心，这是因为（  ）,A、对立统一规律揭示了普遍联系的根本内容 B、对立统一规律揭示了变化发展的内在动力 C、对立统一规律是贯穿于辩证法其它规律和范畴的中心线索 D、矛盾分析法是最根本的认识方法 ,正确答案： ABCD
381,正确处理部分与整体的关系，就要做到(  ),A、 着眼于整体，要求局部服从整体  B、 以局部利益损害整体利益  C、 承认局部的相对独立性和特定的重要作用  D、 片面强调整体利益抹煞局部利益  E、 把整体利益与局部利益结合起来  ,正确答案： ACE
382,下列说法中揭示了事物本质的有（  ）,A、 日出于东落于西  B、 水往低处流  C、 人的本质是社会关系的总和  D、 国家是阶级压迫的工具  E、 认识是主体对客体能动的反映  ,正确答案： CDE
383,属于因果联系的有（  ）,A、摩擦生热，热胀冷缩 B、冬去春来，夏尽秋至 C、电闪雷鸣，风雨来至 D、虚心使人进步，骄傲使人落后 ,正确答案： AD
384,下列选项中属于内容和形式关系的表现的有（  ）,A、 生产力决定生产关系，生产关系对生产力有反作用  B、 实践决定认识，认识对实践有反作用  C、 经济基础决定上层建筑，上层建筑对经济基础有反作用  D、 整体决定部分，部分对整体有反作用  E、 国体决定政体，政体对国体有反作用  ,正确答案： ACE
385,内容和形式的相互作用是（  ）,A、内容决定形式 B、形式决定内容 C、形式对内容有重大的反作用 D、当形式与内容适合时，对内容的发展起积极的促进作用，相反则起消极的阻碍作用。 ,正确答案： ACD
386,下列观点属于唯心主义认识论的有（  ）,A、 把认识看成是先于物质的  B、 把认识看成是先于实践经验的  C、 否认认识是主体对客体的反映  D、 把认识看成是人头脑中固有的  ,正确答案： ABCD
387,唯心主义的主观真理论（   ）,A、坚持意识第一性，物质第二性 B、否认认识是主体对客体的反映 C、否认真理的客观性 D、强调心外无物和心外无理 ,正确答案： ABCD
388,下列哲学派别中属于可知论的有,A、 辩证唯物主义认识论  B、 形而上学唯物主义认识论  C、 彻底的客观唯心主义认识论  D、 彻底的主观唯心主义认识论  E、 不彻底的主观唯心主义认识论  ,正确答案： ABCD
389,马克思主义认识论区别于旧唯物主义认识论的显著特点有（  ）,A、 把可知论引入认识论  B、 把唯物主义引入认识论  C、 把科学的实践观引入认识论  D、 把辩证法应用于认识论  E、 认为认识的本质是在实践基础上主体对客体的能动反映  ,正确答案： CDE
390,辩证唯物主义认识论与旧唯物主义认识论的区别表现在（ ）,A、 是否承认认识是主体对客体的反映  B、 是否承认世界是可以认识的  C、 是否承认实践对认识的决定作用  D、 是否承认认识是摹写与创造的统一  E、 是否承认认识是一个辩证发展过程  ,正确答案： CDE
391,马克思主义认识论认为（  ）,A、反映具有摹写性 B、反映是消极被动的 C、反映具有创造性 D、反映是主观随意的 ,正确答案： AC
392,认识主体的本质属性是（  ）,A、 自然性  B、 社会性  C、 实践性  D、 被动性  E、 意识性  ,正确答案： ABCE
393,下列选项中属于认识的主体的有（  ）,A、从事认识和实践活动的个人 B、从事认识和实践活动的阶级 C、从事认识和实践活动的政党 D、从事认识和实践活动的阶层 ,正确答案： ABCD
394,下列选项中，属于认识客体的有（  ）,A、人认识到的自然界 B、人尚未观察到的星球 C、社会现实中的事件 D、人们阅读的书籍 E、作家创造的文学作品 ,正确答案： ACDE
395,认识的客体具有（  ）,A、 客观性  B、 对象性  C、 能动性  D、 历史性  E、 社会性  ,正确答案： ABDE
396,下列选项中，正确表述认识的主体和客体之间的关系的有（  ）,A、 改造与被改造的实践关系  B、 反映与被反映的认识关系  C、 相互作用的关系  D、 第二性与第一性的关系  ,正确答案： ABC
397,虚拟现实投术是一种运用计算机仿真系统创建多源信思融合的交互式三维动态实景以及动作仿真的技术，可以给使用者提供沉浸性，多感知性，交互性的互动体验，虚拟现实技术所构造的虚拟环境说明,A、物质世界不再具有客观实在性 B、物质世界的存在形式具有多样性 C、信息是独立于物质和意识的第三种存在状态 D、人们可以通过实践创造出自然界原本不存在的现实状态 ,正确答案： BD
398,价值不具备（ ）的特征。,A、主体性 B、社会历史性 C、客观性 D、实践性 ,正确答案： D
399,真理和价值的关系应该是（ ）。,A、价值以真理为前提 B、真理以价值为前提 C、真理就是价值 D、价值就是真理 ,正确答案： A
400,康德认为“真理是思维与它的先验形式相一致”属于（ ）,A、虚无主义真理观 B、主观唯心主义真理观 C、客观唯心主义真理观 D、相对主义真理观 ,正确答案： B
401,马赫主义认为多数人承认的就是真理，这是违背了真理的（ ）。,A、客观性 B、主观性 C、绝对性 D、相对性 ,正确答案： A
402,马克思主义认为真理和谬误（ ）。,A、泾渭分明 B、相伴而生 C、针锋相对 D、不分你我 ,正确答案： B
403,检验真理的标准是（ )。,A、实践 B、宗教守则 C、圣人话语 D、客观事实 ,正确答案： A
404,生产力中最活跃的因素（ ）,A、科学技术 B、劳动对象 C、劳动者 D、生产工具 ,正确答案： C
405,科学技术是生产力中的（ ）,A、基本要素 B、最活跃要素 C、重要要素 D、管理要素 ,正确答案： C
406,（ ）是先进生产力的集中体现和主要标志，是第一生产力。,A、科学技术 B、劳动资料 C、劳动对象 D、劳动者 ,正确答案： A
407,人类生活的社会关系当中最基本的关系是（ ）,A、政治关系 B、家庭关系 C、宗教关系 D、生产关系 ,正确答案： D
408,生产力揭示的是（ ）,A、人与自然之间的关系 B、人与物质世界、精神世界之间的关系 C、人们在物质资料生产过程中结成的经济关系 D、物质与意识之间的关系 ,正确答案： A
409,马克思主义把（ ）作为“社会进步的最高标准”.,A、生产关系 B、生产力 C、道德状况 D、人民群众生活水平 ,正确答案： B
410,生产关系是指（ ）,A、人与自然界之间的关系 B、人与人之间的压迫与被压迫关系 C、人与人之间的合作互助关系 D、人们在物质资料生产过程中结成的经济关系 ,正确答案： D
411,判断时代变革的客观依据，是（ ）,A、生产力和生产关系矛盾运动 B、经济基础与上层建筑的矛盾运动 C、阶级斗争的客观要求 D、当时人们对革命或改革的自主选择性 ,正确答案： A
412,经济基础是生产关系的总和，这个总和是指（ ）,A、一定历史阶段上科学技术的总和 B、一定历史阶段上生产力和生产关系的总和 C、一定历史阶段上经济管理的总和 D、一定历史阶段上占统治地位的生产关系各方面的总和 ,正确答案： D
413,经济基础是（ ）,A、一定社会占统治地位的生产关系各方面的总和 B、一切经济关系的总和 C、所有生产关系各方面的总和 D、一切社会关系的总和 ,正确答案： A
414,经济基础与上层建筑的辩证关系是（ ）,A、经济基础决定上层建筑 B、上层建筑决定经济基础 C、经济基础决定上层建筑，上层建筑反作用于经济基础 D、上层建筑反作用于经济基础 ,正确答案： C
415,上层建筑的核心是（ ）,A、艺术 B、道德观念 C、宗教信仰 D、国家政权 ,正确答案： D
416,“在共同生活和共同劳动中，需要有一个为公共利益服务的机构，这就是国家。国家的目的是利用社会力量去谋求社会的福利。”这段话（ ）,A、指明了国家对内职能和对外职能的界限 B、确认了国家是具有强制力的机构 C、承认了国家是个历史范畴 D、抹煞了国家的阶级本质 ,正确答案： D
417,马克思主义认为，国家的起源是（ ）,A、暴力的产物 B、人们相互订立契约而形成的 C、阶级矛盾不可调和的产物 D、阶级矛盾调和的产物 ,正确答案： C
418,国家所代表的利益是（ ）,A、剥削阶级的利益 B、统治阶级的利益 C、全体社会成员的利益 D、基本阶级的利益 ,正确答案： B
419,国家最基本的职能（ ）,A、政治统治 B、社会管理 C、社会舆论控制 D、经济建设 ,正确答案： A
420,（ ）是其他任何国家形态的民主都不能比拟的最广泛的民主。,A、封建社会民主 B、资本主义社会民主 C、社会主义民主 D、共产主义民主 ,正确答案： C
421,社会形态，是指同生产力发展一定阶段相适用的（ ）的统一体。,A、社会存在与社会意识 B、生产力与生产关系 C、经济基础与上层建筑 D、公有制与私有制 ,正确答案： C
422,五种社会形态划分所依据的标准是（ ）,A、生产关系的不同性质 B、国家政权的不同性质 C、意识形态的不同性质 D、人的发展的不同状况 ,正确答案： A
423,在人类历史上出现的第一个阶级社会是（ ）,A、封建社会 B、奴隶社会 C、原始社会 D、资本主义社会 ,正确答案： B
424,列宁曾深刻指出“世界历史发展的一般规律，不仅丝毫不排斥个别发展阶段在发展的形式或顺序上表现出特殊性，反而是以此为前提。”表明，社会形态更替具有（ ）。,A、前进性与曲折性 B、前提性与反复性 C、必然性与人们历史选择性 D、统一性与多样性 ,正确答案： D
425,人类社会的基本矛盾是（ ）,A、政治与经济之间的矛盾 B、理论与实践之间的矛盾 C、先进社会意识与落后社会意识之间的矛盾 D、生产力与生产关系、经济基础与上层建筑之间的矛盾 ,正确答案： D
426,社会形态更替归根到底是由于（ ）,A、社会基本矛盾运动的结果 B、阶级斗争 C、社会革命 D、科技革命 ,正确答案： A
427,对社会形态更替，具有最终的决定意义的因素是（ ）,A、生产力 B、生产关系 C、经济基础 D、上层建筑 ,正确答案： A
428,生产关系一定要适合生产力性质的规律是（ ）,A、某些社会发展的共有规律 B、只对资本主义社会发生作用的规律 C、在一切社会中都起作用的规律 D、社会主义社会特有的规律 ,正确答案： C
429,人类社会最基本矛盾是（ ）,A、生产力与生产关系的矛盾 B、经济基础与上层建筑的矛盾运动 C、阶级之间矛盾 D、革命与改革矛盾 ,正确答案： A
430,马克思主义认为，人类社会发展和进步的最终决定力量（ ）,A、生产力 B、生产关系 C、经济基础 D、上层建筑 ,正确答案： A
431,所有一切社会矛盾的根源是（ ）,A、社会基本矛盾 B、社会主要矛盾 C、社会矛盾的主要方面 D、主要矛盾的主要方面 ,正确答案： A
432,阶级斗争对阶级社会发展的推动作用突出地表现在（ ）,A、社会形态的更替中 B、生产力的提高 C、国家政权的更替 D、意识形态的变化 ,正确答案： A
433,阶级斗争的最高形式是（ ）,A、社会革命 B、科技革命 C、思想革命 D、生产力变革 ,正确答案： A
434,现阶段，我国社会的阶级斗争，正确说法（ ）,A、不再存在 B、不会激化 C、不是社会的主要矛盾 D、短期内会存在 ,正确答案： C
435,革命的实质是（ ）,A、科技革命 B、文化革命 C、思维革命 D、社会制度更替 ,正确答案： D
436,社会革命的根源是（ ）,A、人口太多 B、少数英雄任务组织的暴动 C、阶级斗争 D、社会基本矛盾及其激化 ,正确答案： D
437,马克思主义重视革命的伟大作用，同时（ ）,A、承认改良主义 B、否认改良 C、拒绝改良 D、认为改良是革命的一种补充手段 ,正确答案： D
438,社会主义改革的实质是（ ）,A、政治改革 B、经济改革 C、文化改革 D、社会主义制度的自我调整与完善 ,正确答案： D
439,革命阶级的觉悟程度组织程度和群众的发展发动程度等是社会革命的（ ）,A、客观条件 B、经济条件 C、政治条件 D、主观条件 ,正确答案： D
440,唯物史观认为，现实的人在本质上是（ ）,A、一切社会关系的总和 B、自然属性 C、社会属性 D、物质利益 ,正确答案： A
441,人的本质在其现实性上是一切社会关系的总和。下列错误的理解是（ ）。,A、人的本质属性是社会属性而不是自然属性 B、人的本质是变化和发展的 C、人的本质是自然的不是社会的 D、人的本质属性是表现在各种社会关系中 ,正确答案： C
442,人类最基本的实践活动是（ ）,A、科学实验 B、劳动 C、学习 D、饮食 ,正确答案： B
443,理解社会历史奥秘的钥匙是（ ）,A、劳动发展史 B、科技发展史 C、思想发展史 D、生产工具发展史 ,正确答案： A
444,社会历史的主体是（ ）,A、人民群众 B、英雄人物 C、历史人物 D、上帝 ,正确答案： A
445,关于人民群众是社会历史发展的创造者的叙述中不正确的是（ ）,A、人民群众是社会财富的创造者 B、人民群众是社会精神财富的创造者 C、人民群众是社会变革的决定力量 D、从数量上来看，人民群众是社会人口中的绝大多数 ,正确答案： D
446,关于历史人物的论述错误的是（ ）,A、历史人物对历史发展有深刻影响 B、历史人物有时能够决定个别历史事件的结局 C、历史人物有些起推动历史前进的进步作用，有些起阻碍历史进步的反动作用 D、历史人物能够改变历史发展的总进程和总方向 ,正确答案： D
447,历史人物的出现是由于（ ）,A、偶然性 B、个人魅力的结果 C、历史发展的必然性与偶然性的辩证统一 D、人民群众的呼唤 ,正确答案： C
448,关于评价历史人物的方法叙述，错误的是（ ）,A、应根据当时的历史条件 B、要尊重历史事实 C、要认识到历史人物的历史局限性 D、要掩饰他们的错误 ,正确答案： D
449,科学技术是社会发展的（ ）。,A、重要杠杠 B、根本动力 C、直接动力 D、重要力量 ,正确答案： A
450,社会基本矛盾是社会发展的（ ）。,A、重要杠杠 B、根本动力 C、直接动力 D、重要力量 ,正确答案： B
451,历史唯物主义是马克思（ ）。,A、创立的 B、改进的 C、继承的 D、发展的 ,正确答案： A
452,社会发展的决定力量是（ ）。,A、物质资料的生产方式 B、人口因素 C、地理环境 D、思想意识 ,正确答案： A
453,列宁认为国家的实质是（ ）。,A、服务于大众的机构 B、阶级统治工具 C、统治阶级意志表达工具 D、社会秩序规范工具 ,正确答案： B
454,社会形态不可能是（ ）。,A、单一的 B、统一的 C、多样的 D、可选择的 ,正确答案： A
455,明朝中期之后中国就出现了资本主义萌芽，但是直到几百年后清朝结束，中国也没有走上现代化道路，这说明社会形态发展具有（ ）。,A、前进行 B、可选择性 C、曲折性 D、多样性 ,正确答案： C
456,（ ）在社会前进中的作用最大。,A、生产力 B、生产关系 C、经济基础 D、上层建筑 ,正确答案： A
457,( )在历史创造过程中起决定作用。,A、伟人 B、英雄 C、枭雄 D、群众 ,正确答案： D
458,决定商品的交换比例是（ ）,A、商品的使用价值 B、商品的价值 C、商品的交换价值 D、商品的有用性 ,正确答案： B
459,生产商品的劳动，可分为（ ）,A、具体劳动和抽象劳动 B、具体劳动和直接劳动 C、间接劳动和抽象劳动 D、私人劳动和具体劳动 ,正确答案： A
460,具体劳动和抽象劳动是指（ ）,A、生产商品的同一劳动的两个方面 B、生产商品的时间上交叉、空间上并存的两次劳动 C、生产商品的两次劳动过程 D、生产商品的体力劳动和脑力劳动 ,正确答案： A
461,商品的价值量取决于( )。,A、社会必要劳动时间 B、必要劳动时间 C、个别劳动时间 D、该商品使用价值的大小 ,正确答案： A
462,个别企业劳动生产率越高，则该商品的单位价值量就( )。,A、越大 B、越小 C、不变 D、不能确定 ,正确答案： C
463,某公司在秋季以每公斤0q75元的价格收购鲜玉米，采取保鲜技术处理，于春夏季出库上市，每公斤6元还供不应求。造成这种价格差异的原因是（ ）,A、生产玉米的社会必要劳动时间发生了变化 B、玉米的价值和供求关系发生了变化 C、市场玉米的供求关系发生了变化 D、经过处理后的玉米价值发生变化 ,正确答案： B
464,价值规律对社会生产的调节作用是（ ）,A、通过政府的行政命令实现的 B、通过国家运用法律手段实现的 C、通过大家协商共同解决 D、是通过竞争和市场价格的波动实现的 ,正确答案： D
465,商品的使用价值和价值、具体劳动和抽象劳动的矛盾的根源是（ ）,A、简单劳动和复杂劳动的矛盾 B、资本主义的基本矛盾 C、个别劳动时间和社会必要劳动时间的矛盾 D、私人劳动和社会劳动的矛盾 ,正确答案： D
466,私有制商品经济的基本矛盾是( )。,A、价值与使用价值之间的矛盾 B、私人劳动和社会劳动的矛盾 C、抽象劳动与具体劳动的矛盾 D、生产与销售之间的矛盾 ,正确答案： B
467,劳动二重性理论的创立者是（ ）,A、大卫・李嘉图 B、亚当・斯密 C、凯恩斯 D、马克思 ,正确答案： D
468,资本家与工人的关系是（ ）,A、人身依附关系 B、完全占有关系 C、不是完全占有关系，也不是人身依附关系 D、朋友关系 ,正确答案： C
469,劳动力商品的一个重要特征是（ ）,A、劳动力在一定的历史条件下才成为商品 B、劳动力商品的使用价值是价值和剩余价值和源泉 C、劳动力商品有一个历史的和道德的因素 D、劳动力成为商品是货币转化为资本的前提条件 ,正确答案： B
470,货币变成资本的前提，是（ ）,A、具有原始资本 B、资本原始积累的完成 C、拥有相当量的货币 D、货币购买劳动力商品 ,正确答案： D
471,根据资本在剩余价值生产中所起的不同作用，可以将资本区分为( )。,A、固定资本与流动资本 B、货币资本与商品资本 C、预付资本和剩余价值 D、不变资本与可变资本 ,正确答案： D
472,可变资本是用来购买（ ）的那部分资本。,A、劳动力 B、劳动者 C、劳动对象 D、劳动资料 ,正确答案： A
473,不变资本是以（ ）形态存在的资本。,A、劳动力 B、生产资料 C、劳动对象 D、劳动者 ,正确答案： B
474,可变资本的特点是（ ）,A、一次性转移原有价值 B、分次转移原有价值 C、生产出原有价值 D、创造出新价值 ,正确答案： D
475,真正给资本家带来剩余价值的是( ),A、可变资本 B、不变资本 C、预付资本 D、流动资本 ,正确答案： A
476,把资本区分为不变资本和可变资本，进一步揭示了（ ）的源泉。,A、价值 B、使用价值 C、剩余价值 D、交换价值 ,正确答案： C
477,在资本主义制度下，工人工资的本质是( ),A、劳动的价值或价格 B、工人劳动的全部报酬 C、劳动力的价值或价格 D、可变资本部分 ,正确答案： C
478,在资本主义社会中，工人的劳动，（ ）,A、全部生产劳动力价值 B、全部生产剩余价值 C、分为必要劳动时间和社会必要劳动时间 D、分为必要劳动和剩余劳动 ,正确答案： D
479,在工作日不变的条件下，仍能获取更多剩余价值的方法，是（ ）,A、绝对剩余价值生产 B、相对剩余价值生产 C、超额剩余价值生产 D、超额利润生产 ,正确答案： B
480,单个资本家改进技术、改善管理，从而可以获得( ),A、绝对剩余价值 B、相对剩余价值 C、超额剩余价值 D、平均利润 ,正确答案： C
481,资本主义条件下的生产自动化，表明剩余价值由( ),A、科学技术带来的 B、劳动生产率的提高产生的 C、雇佣工人和先进科技共同创造的 D、雇佣工人的劳动创造的 ,正确答案： D
482,资本积累的实质是资本家（ ）,A、靠节制自己的消费欲望来扩大再生产 B、把剩余价值用来扩大生产增加就业 C、用无偿占有工人的剩余价值扩大自己的资本，进一步扩大对工人的剥削 D、把剩余价值不断用于提高工人的生活水平 ,正确答案： C
483,资本积累的源泉是（ ）,A、剩余价值 B、工人的劳动 C、商品的使用价值 D、商品的价值 ,正确答案： A
484,当剩余价值转化为利润时，便( ),A、掩盖了剩余价值与可变资本的关系 B、提高了剩余价值率 C、提高了资本的经济效益 D、降低了剩余价值率 ,正确答案： A
485,马克思说过：一件上衣对于顾客还是生产者来说，无论谁穿都是一样的，这是在阐述（ ）。,A、商品的价值 B、商品的使用价值 C、抽象劳动 D、社会劳动 ,正确答案： B
486,经济危机中因产品积压卖不出去而倒闭的企业是因为实现不了生产过程中的（ ）。,A、价值补偿 B、实物补偿 C、劳动补偿 D、增殖补偿 ,正确答案： A
487,率先使用高科技从事生产的个别企业（ ）。,A、剩余价值来源改变 B、可以获得更多的剩余价值 C、生产商品的价值提高 D、获得更多的社会平均利润 ,正确答案： B
488,某人创办工厂投资100万，60万用来建厂房买设备等，40用来买原材料和雇佣工人等，其中雇佣工人10万元，一轮生产结束后该人总资本达到120万元，该企业的剩余价值率为（ ）。,A、0.2 B、0.5 C、1 D、2 ,正确答案： D
489,汽车的市场平均利润率为10%，某企业生产一辆汽车耗费的生产资料价值为15万元、工人工资为5万元，该汽车的生产价格为（ ）万元。,A、20 B、20.5 C、21.5 D、22 ,正确答案： D
490,资本主义的基本经济规律是（ ）,A、剩余价值规律 B、价值规律 C、货币流通规律 D、生产关系一定要适合生产力的状态的规律 ,正确答案： A
491,马克思主义揭示资本主义制度剥削本质的锐利武器是( )。,A、价值理论 B、剩余价值理论 C、商品二因素理论 D、唯物史观理论 ,正确答案： B
492,资本主义的基本矛盾（ ）,A、资本家阶级与工人阶级的矛盾 B、生产社会化同生产资料私人占有之间的矛盾 C、资本家与雇佣劳动者的矛盾 D、私人劳动与社会劳动的矛盾 ,正确答案： B
493,经济危机的根源是（ ）,A、简单劳动和复杂劳动的矛盾 B、资本主义的基本矛盾 C、资本主义生产的绝对过剩 D、资本主义的阶级矛盾 ,正确答案： B
494,资本主义经济危机爆发的根本原因（ ）,A、资本家阶级之间的矛盾 B、资本主义基本矛盾 C、资本家与工人之间的矛盾 D、社会矛盾 ,正确答案： B
495,生产过剩是资本主义经济危机的本质特征，其过剩是指( )。,A、生产绝对超过人民需求 B、是相对于人民购买力而言 C、是相对于人民实际需要而言 D、国家宏观调控失控 ,正确答案： B
496,资本主义发展到一定阶段，就会发生以（ ）为基本特征的经济危机。,A、生产相对过剩 B、货币相对过剩 C、商品相对过剩 D、食品相对过剩 ,正确答案： A
497,资本主义经济危机包括哪几个阶段（ ）,A、危机、复苏、高涨 B、危机、萧条、高涨 C、萧条、复苏、高涨 D、危机、萧条、复苏、高涨 ,正确答案： D
498,（  ）的发表，标志马克思主义的公开问世,A、 《共产党宣言》  B、 《德意志意识形态》  C、 《资本论》  D、 《神圣家族》  ,正确答案： A
499,“城门失火，殃及池鱼”说明（ ）,A、直接联系 B、间接联系 C、本质联系 D、必然联系 ,正确答案： B
500,自由是相对的，不能摆脱自然规律也不能存在于幻想之中，这是（ ）观点。,A、朴素唯物主义 B、形而上学唯物主义 C、历史唯物主义 D、辩证唯物主义 ,正确答案： D
501,自由是万物的基础，必须随心所欲，这是（ ）的观点。,A、唯意志论 B、唯心主义 C、机械唯物主义 D、形而上学 ,正确答案： A
502,治理每一次雾霾既需要“人努力”还需要“天帮忙”，这说明了（ ）。,A、尊重事物的客观规律是正确发挥主观能动性的前提 B、人类有意识的思想活动是掌握客观规律的根本前提 C、认识活动是主观能动性与客观规律性统一的基础 D、没有认识到的自然规律对于人类来说特别重要 ,正确答案： A
503,同一个老师讲课，但同学记的笔记都有所不同，说明（ ）。,A、意识具有主动性 B、意识具有能动性 C、意识是一种间接反映 D、同学有主见 ,正确答案： B
504,马克思、恩格斯出生地是当时最发达地区之一，家庭条件都非常好，也都非常聪明，但是他们为了无产阶级吃苦受累，创立了科学社会主义，这主要因为（ ）。,A、他们对于时代有着超常的认知 B、他们家庭背景和教育经历 C、社会历史条件和个人努力 D、当时德国的高度发达 ,正确答案： C
505,“胡子眉毛一起抓”违背了（ ）。,A、两点论 B、重点论 C、适度原则 D、实事求是 ,正确答案： B
506,“既克服又保留”说的是（ )。,A、扬弃 B、发展 C、联系 D、矛盾 ,正确答案： A
507,符合历史发展规律、具有远大前程、被人民拥护的是（ ）。,A、新事物 B、大事物 C、旧事物 D、好事物 ,正确答案： A
508,唯物辩证法最为本质的规律是（ ）。,A、对立统一规律 B、质量互变规律 C、否定之否定规律 D、唯物辩证法规律 ,正确答案： A
509,（ ）的观点是认识论的第一和基本的观点,A、认识 B、实践 C、意识 D、反映 ,正确答案： B
510,实事求是中的“是”是指（ ）,A、规律 B、认识 C、反映 D、价值 ,正确答案： B
511,人们所获得的认识属于具体的、（ ）认识。,A、抽象的 B、历史的 C、变化的 D、非本质的 ,正确答案： B
512,人的实践活动以改造（ ）为目的。,A、思维 B、主观认识 C、客观世界 D、意识世界 ,正确答案： C
513,割裂感性认识与理性认识的辩证关系，会导致经验论和（ ）,A、表象 B、唯理论 C、唯意志论 D、宿命论 ,正确答案： B
514,尝一尝苹果，知道苹果是甜的，甜的感觉属于（ ）,A、理性认识 B、概念 C、表象 D、感性认识 ,正确答案： D
515,在认识领域，理性认识的形成需要借助（ ）,A、感觉 B、抽象思维 C、经验直观 D、感性直观 ,正确答案： B
516,要想知道梨子的滋味就尝尝梨子，这表明获得正确的认识要通过（ ）,A、直观 B、经验 C、实践 D、客观 ,正确答案： C
517,旧唯物主义认识论被称为（ ）,A、机械反映论 B、客观的反映论 C、认识的主观性 D、认识的目的性 ,正确答案： A
518,实践是认识的来源也是认识的（ ）,A、反映 B、反应 C、目的 D、活动 ,正确答案： C
519,（ ）是最基本的实践活动。,A、物质资料的生产活动 B、社会关系的建构 C、政治革命 D、科学研究 ,正确答案： A
520,在现代科学技术条件下，飞行员通过电子信息设备模拟驾驶飞机，属于（ ）,A、物质生产实践 B、社会政治实践 C、虚拟实践 D、历史实践 ,正确答案： C
521,建筑师在建筑房子之前已经在头脑中建好了房子，说明人的实践活动具有（ ）,A、社会历史性 B、客观性 C、目的性 D、条件性 ,正确答案： C
522,下列属于实践主体的是（ ）,A、狼孩 B、我思 C、精神性的主体 D、劳动的人 ,正确答案： D
523,中国共产党思想路线的核心是（ ）,A、统一战线中的领导权问题 B、群众路线 C、实事求是 D、尊重主体选择性 ,正确答案： C
524,由实践到认识是认识过程的第几次飞跃（ ）,A、一 B、二 C、三 D、四 ,正确答案： A
525,认识的本质是主体对客体的（ ）反映,A、思维 B、客观 C、能动 D、主观 ,正确答案： C
526,认识与改造世界的过程是改造（ ）与客观世界过程的统一。,A、意识世界 B、感觉世界 C、思维世界 D、主观世界 ,正确答案： D
527,认识过程的第一次飞跃是（ ）,A、认识到实践 B、实践到认识 C、主观到客观 D、客观到主观 ,正确答案： B
528,人脑中的飞马与金山的观念说明，在人的认识活动中，认识主体具有（ ）特性。,A、摹写 B、反映 C、创造 D、客观 ,正确答案： C
529,理性认识的特点是（ ）,A、对感性认识的综合 B、与客观事物无关的人的自由创造物 C、通过感觉器官对客观事物的直接把握 D、借助于抽象思维达到对事物本质的把握 ,正确答案： D
530,马克思主义认识论认为，能动的反映是( ),A、摹写和创造的统一 B、可知论与不可知论的统一 C、物质性与精神性的统一 D、真理的本性与实践特点的统一 ,正确答案： A
531,“实践是认识的来源”，这种观点是说（ ）,A、只要参加实践活动就能获得正确认识 B、一切认识都要直接参加实践活动才能获得 C、一切认识归根到底都是从实践中得来的 D、只有直接经验来自实践 ,正确答案： C
532,唯物主义和唯心主义在认识论上的根本对立表现在（ ）,A、是否承认感觉经验是认识的起点 B、是否承认世界的可知性 C、是否承认人类认识世界的能力 D、是否承认认识是人脑对客观世界的反映 ,正确答案： D
533,下列选项中，正确表达认识客体含义的是（ ）,A、认识的客体是由主体创造出来的对象 B、认识的客体是外部自然界 C、认识的客体是主体实践和认识的对象 D、认识的客体是客现存在的事物 ,正确答案： C
534,鹰比人眼看的远，但识别能力不如人，这是因为（ ）。,A、人同时有感觉和思维 B、人同时有理性和非理性 C、人同时有理性和想象 D、人同时有生理机能和心理活动 ,正确答案： A
535,爱迪生发明灯泡失败了两千多次，但他说自己每一次其实都没有失败，这是因为每一次实验在他看来（ ）。,A、都是对事物的正确反映 B、都是认识了相对真理 C、都是实践的一部分 D、对于偶然挫折可以忽视不计 ,正确答案： C
536,陆游讲“圣门初岂远，妙处在躬行”这说明( )。,A、实践是认识的基础和来源 B、认识水平提高能提高实践水平 C、理论指导没有对错之分 D、第一次飞跃比第二次飞跃重要 ,正确答案： A
537,实践是人们直接在现实生活中的物质活动，这说明实践具有（ ）。,A、直接现实性 B、自觉能动性 C、社会历史性 D、自我检验性 ,正确答案： A
538,电脑对于我们来说是作为实践的（ ）而存在。,A、主体 B、客体 C、中介 D、终点 ,正确答案： C
539,先有图纸后有大楼，说明（ ）。,A、意识具有能动性 B、意识具有科学性 C、意识决定物质 D、物质决定意识 ,正确答案： A
540,认识的全过程，说明（ ）既是认识的起点又是认识的终点。,A、实践 B、感觉 C、推理 D、表象 ,正确答案： A
541,“上帝是与生俱来的”，其实质是（ ）。,A、不可知论 B、主观唯心主义 C、客观唯心主义 D、唯意志论 ,正确答案： C
542,休谟所说的我只知道我的感觉，说明了他是（ ）。,A、不可知论 B、可知论者 C、客观唯心主义者 D、辩证唯物主义者 ,正确答案： A
543,绝对精神概念的提出者是( )。,A、康德 B、费希特 C、费尔巴哈 D、黑格尔 ,正确答案： D
544,对于感性认识与理性认识，正确的是（ ）。,A、感性认识依赖于理性认识，因为感性认识需要上升为理性认识 B、理性认识依赖于感性认识，因为理性认识来源于感性认识 C、二者在认识过程中没有区分 D、二者在认识过程中完全对立 ,正确答案： B
545,科学社会主义的核心内容是（ ）,A、无产阶级专政和社会主义民主 B、唯物史观 C、无产阶级专政 D、国家政权 ,正确答案： A
546,社会主义政治制度的基本特征是（ ）,A、坚持社会主义方向 B、无产阶级政党的领导 C、无产阶级专政的政权 D、马克思主义的领导 ,正确答案： C
547,社会主义的根本任务是 （ ）,A、进行阶级斗争 B、改革生产资料所有制 C、进行政治体制改革、经济体制改革 D、解放生产力、发展生产力 ,正确答案： D
548,下列提法正确的是（ ）,A、只有空想社会主义思想家预见了社会未来 B、只有马克思主义经典作家预见了社会未来 C、只有唯心主义思想家预见了社会未来 D、许多思想家都预见了未来社会 ,正确答案： B
549,马克思主义产生于（ ）,A、17世纪40―60年代 B、18世纪40―60年代 C、19世纪40―60年代 D、20世纪40―60年代 ,正确答案： C
550,马克思主义最根本的世界观和方法论是（ ）,A、机械唯物主义和形而上学 B、机械唯物主义和唯心辩证法 C、机械唯物主义和朴素唯物主义 D、辩证唯物主义和历史唯物主义 ,正确答案： D
551,哲学的基本问题是（ ）,A、唯心主义和唯物主义的关系问题 B、辩证法和形而上学的关系问题 C、可知论和不可知论的关系问题 D、思维和存在的关系问题 ,正确答案： D
552,物质的根本属性是（ ）,A、矛盾 B、运动 C、空间和时 D、可知性 ,正确答案： B
553,认为世界的本质是某一种或几种具体物质形态的观点属性（ ）,A、朴素唯物主义观点 B、形而上学唯物主义观点 C、辩证唯物主义观点 D、庸俗唯物主义观点 ,正确答案： A
554,在自然界，没有上，就无所谓下；没有先进，就无所谓落后；在认识中，没有正确，就无所谓错误。这说明（ ）,A、矛盾双方是相互排斥的 B、矛盾双方是相互渗透的 C、矛盾双方是相互转化的 D、矛盾双方是相互依存的 ,正确答案： D
555,人们常说“前途是光明的，道路是曲折的”。这句话体现的最主要的辩证法原理是（ ）,A、世界永恒发展的原理 B、事物普遍联系的原理 C、否定之否定规律 D、质量互变规律 ,正确答案： C
556,下列变化中，属于发展的是（ ）,A、大雁从北方飞到南 B、封建王朝的宫廷政变 C、春夏秋冬四季的交替 D、旧中国的覆灭和新中国的诞生 ,正确答案： D
557,马克思主义哲学认为，认识的本质是（）,A、主体对客体的能动反映 B、主体对客体的直观反映 C、主体对客体的思维建构 D、主体对客体的价值判断 ,正确答案： A
558,下列活动中，属于最基本的实践活动的是（ ）,A、演员在舞台上表演 B、警察在街上巡逻 C、农民在田里插秧 D、科学家在实验室做实验 ,正确答案： C
559,实践作为检验真理的标准，即具有确定性，又具有不确定性。实践标准之所以具有不确定性，是因为任何具体实践活动都（ ）,A、具有客观性 B、具有能动性 C、具有历史局限性 D、具有社会性 ,正确答案： C
560,真理是绝对的，又是相对的。这是真理问题上的（ ）,A、唯物论 B、辩证法 C、二元论 D、诡辩论 ,正确答案： B
561,一切社会意识所共有的本质特征在于（ ）,A、他们具有阶级性 B、他们是对社会存在的反映 C、他们是上层建筑的组成部分 D、他们一视同仁地为一切经济基础服务 ,正确答案： B
562,生产方式是指（ ）,A、生产者和生产关系的统一体 B、生产工具和生产技术的统一体 C、生产力和生产关系的统一体 D、生产目的和生产环境的统一体 ,正确答案： C
563,社会革命根源于（ ）,A、剥削阶级和被剥削阶级之间的矛盾 B、社会基本矛盾的尖锐化 C、产品分配不公、收入差距加大 D、不同地区之间经济发展不平衡 ,正确答案： B
564,在整个上层建筑中，（ ）是核心,A、意识形态 B、政治法律思想 C、国家政权 D、生产资料所有制 ,正确答案： C
565,具体劳动和抽象劳动是（）,A、生产商品的两种劳动 B、生产过程中先后进行的两次劳动 C、同一劳动过程中的两个不同的方面 D、不同劳动过程中的两个方面 ,正确答案： C
566,商店里出售的各种商品，都有价格标签。这些标签表明货币是在（）,A、执行价值尺度的职能 B、充当价格手段的职能 C、发挥支付手段的职能 D、作为社会财富的代表 ,正确答案： A
567,理解马克思主义政治经济学的枢纽是（）,A、劳动价值理论 B、劳动二重性理论 C、商品经济理论 D、商品而因素理论 ,正确答案： B
568,劳动商品的最重要的特征是（ ）,A、劳动力存在于健康的人体内 B、劳动力的使用价值是剩余价值的源泉 C、劳动力在一定条件下可以成为商品 D、劳动力价值的决定受历史因素的影响 ,正确答案： B
569,绝对剩余价值和相对剩余价值都是依靠( ),A、延长工人工作日而获得的 B、提高劳动生产率而获得的 C、降低工人的工资而获得的 D、增加剩余劳动时间而获得的 ,正确答案： D
570,在自由竞争资本主义阶段，部门之间的竞争形成了（ ）,A、商品的价值 B、商品的价格 C、剩余价值率 D、平均利润率 ,正确答案： D
571,资本主义经济危机的实质是（ ）,A、生产绝对过剩的经济危机 B、生产不足的经济危机 C、生产相对过剩的经济危机 D、生产严重短缺的经济危机 ,正确答案： C
572,垄断的形成（）,A、生产集中和资本集中发展到一定阶段的结果 B、生产输出的结果 C、金融资本统治的世界 D、国家干涉经济的结果 ,正确答案： A
573,垄断资本条件下垄断企业竞争的目的是为了（）,A、获得平均利润 B、获得超额利润 C、获得高额垄断利润 D、消灭中小企业 ,正确答案： C
574,金融寡头在经济上的统治主要是通过（ ）实现的,A、参与制 B、建立政策研究咨询机构对政府施加影响 C、个人联合 D、掌握舆论工具控制新闻媒介 ,正确答案： A
575,跨国公司是（ ）,A、发达国家共同出资建立的 B、发展中国家共同出资建立的 C、多国垄断组织的联盟 D、有关国际经济组织投资建立的 ,正确答案： C
576,成立最早、加入国家最多、影响最大的区域经济集团是（ ）,A、欧洲联盟 B、北美自由贸易区 C、亚太经济合作组织 D、东南亚经济合作组织 ,正确答案： A
577,科学社会主义的直接思想来源是（）,A、16至17世纪以莫尔为代表的早期空想社会主义 B、18世纪以摩莱里为代表的空想平均共产主义 C、19世纪初期以圣西门、傅立叶、欧文为代表的空想社会主 D、0世纪以苏联模式为代表的当代社会主义 ,正确答案： C
578,当前，为实现共产主义而奋斗，应集中体现在（）,A、贯彻与落实科学发展观 B、构建和谐社会 C、建设社会主义新农村 D、为建设中国特色社会主义而奋斗 ,正确答案： D
579,马克思基本原理的含义（ ）,A、就是马克思主义的基本立场 B、就是马克思主义的基本观点 C、就是马克思主义的基本方法 D、就是马克思主义的基本立场、基本观点和基本方法的总称 ,正确答案： D
580,马克思主义哲学的直接理论来源是（ ）,A、古希腊朴素唯物主义哲学 B、17世纪英国实验唯物主义哲学 C、18世纪法国唯物主义哲学 D、19世纪德国古典哲学 ,正确答案： D
581,下列选项中不属于物质范畴的是（ ）,A、涨潮和退潮 B、日蚀和月蚀 C、生产力和生产关系 D、体育竞赛的程序和规则 ,正确答案： D
582,建筑单位总是先设计图纸，再依据图纸施工，盖成大楼。这说明（ ）,A、意识决定物质 B、意识创造物 C、意识反作用于物质 D、意识离不开物质 ,正确答案： C
583,印度一位教授曾对一棵树算了两笔不同的账：一棵正常生长50年的树，按市场上的木材价格计算，最多值300多美元；但从它产生的氧气、减少大气污染、涵养水源、可以为鸟类与其他动物提供栖息环境的生态效益看，则值20万美元。这种算帐方法强调了（ ）,A、事物存在的客观性 B、人类认识的主观性 C、事物联系的多样性 D、事物运动的规律性 ,正确答案： C
584,建设社会主义先进文化，对传统文化和外来文化必须批判地继承。这种态度依据的哲学道理是（ ）,A、辨证否定的原理 B、新事物必然战胜旧事物的原理 C、世界是过程集合体的原理 D、量变是质变的必要准备的原理 ,正确答案： A
585,建设有中国特色的社会主义体现了（ ）,A、矛盾的同一性和斗争性统一 B、矛盾的普遍性与特殊性的统一 C、事物发展量变和质变的统一 D、事物发展的前进性和曲折性的统一 ,正确答案： B
586,“社会一旦有技术上的需要，则这种需要会比十所大学更能把科学推向前进”。这表明（ ）,A、实践是沟通主客体关系的桥梁 B、实践是检验认识真理性的标准 C、实践为认识提供物质手段 D、实践的需要是推动认识发展的动力 ,正确答案： D
587,真理与谬误在一定条件下可以相互转化，这是因为（ ）,A、真理与谬误本身没有严格的界 B、真理与谬误的区别是主观错误造成的 C、谬误中包含着真理的因素 D、真理与谬误具有同一性 ,正确答案： D
588,实践是检验真理的唯一标准，因为它是（ ）,A、把主观和客观联系起来的桥梁 B、感性的物质活 C、有意识的能动性活动 D、社会历史性活动 ,正确答案： A
589,在人类社会发展中起决定作用的因素是（ ）,A、地理环境 B、人口因素 C、生产方式 D、阶级斗争 ,正确答案： C
590,历史观的基本问题是（ ）,A、思维与存在关系问题 B、社会存在与社会意识的关系问题 C、精神与物质的关系问 D、经济社会与可持续发展问题 ,正确答案： B
591,下列各组社会意识形式中，全部属于意识形态范围的是（）,A、生物虚学、道德、宗教 B、逻辑学、哲学、道 C、法律思想、艺术、语言学 D、政治思想、哲学、宗教 ,正确答案： D
592,改革在人类历史上具有普遍性，因为它是（）,A、统治阶级向被统治阶级实行让步 B、对社会体制进行改善和革新 C、实行社会制度更替的一种形式 D、缓和阶级矛盾、保持社会稳定的一种手段 ,正确答案： B
593,商品使用价值和价值的关系是（）,A、有价值的东西不一定有使用价值 B、没有价值的东西就没有使用价值 C、使用价值是价值的物质承担者 D、有使用价值的东西就有价值 ,正确答案： C
594,货币的本质是（）,A、商品交换的媒介 B、特殊等价 C、一般等价物 D、能带来剩余价值的价值 ,正确答案： C
595,简单商品经济的基本矛盾是（ ）,A、使用价值和价值的矛盾 B、具体劳动和抽象劳动的矛盾 C、个别价值和社会价值的矛盾 D、私人劳动和社会劳动的矛盾 ,正确答案： D
596,劳动力商品的最重要的特征是（ ）,A、劳动力存在于健康的人体内 B、劳动力的使用价值是剩余价值的源泉 C、劳动力在一定条件下可以成为商品 D、劳动力价值的决定受历史因素的 ,正确答案： B
597,准确反映资本家对雇佣工人剥削程度的是( ),A、利润率 B、平均利润 C、年剩余价值率 D、剩余价值率 ,正确答案： D
598,部门内部各个企业之间竞争的直接目的是为了获得（ ）,A、企业利润 B、平均利润 C、超额利润 D、垄断利润 ,正确答案： D
599,金融寡头政治上的统治主要是通过（ ）实现的,A、合作参与制 B、建立政策研究咨询机构对政府施加影响 C、个人联合 D、掌握舆论工具控制新闻媒介 ,正确答案： C
600,国家垄断资本主义对经济的宏观调节，代表着（ ）,A、极少数金融寡头的经济利益 B、国有企业的经济利益 C、中小资本家的利益 D、垄断资产阶级的整体利益 ,正确答案： D
601,第二次世界大战后，出现了一种新型的国际垄断组织（ ）,A、跨国公司 B、国际卡特尔 C、国际辛迪加 D、国际托拉斯 ,正确答案： A
602,经济全球化对世界经济发展（）,A、只有消极的影响 B、只有积极的影响 C、无所谓积极与消极的影响 D、既有积极也有消极的影响 ,正确答案： D
603,中华民族走向共产主义的必经之路是（ ）,A、高度集权的计划经济之路 B、复兴之路 C、建设中国特色社会主义的道路 D、苏联模式之路 ,正确答案： C
604,从对立统一规律来看，建立社会主义和谐社会的哲学基础是矛盾的（）,A、斗争性 B、同一性 C、普遍性 D、特殊性 ,正确答案： B
605,物质的唯一特性是它的( ),A、客观实在性 B、实物性 C、运动性 D、可知性 ,正确答案： A
606,“动中有静，静中有动”这句话说明了（ ）,A、物质和运动的统一性 B、唯物主义和辩证法的统一 C、绝对运动和相对静止的统一 D、一元论和二元论的统一 ,正确答案： C
607,马克思主义哲学认为，世界统一于（ ）,A、存在 B、精神 C、物质 D、原子 ,正确答案： C
608,辨证的矛盾是指（ ）,A、逻辑错误、自相矛盾 B、对立面的冲突、斗争 C、对立面的融合 D、事物内部和事物之间既对立又统一的关系 ,正确答案： D
609,割裂感性认识和理性认识的关系会导致（ ）,A、先验论和经验论 B、不可知论和唯心论 C、唯理论和经验论 D、二元论 ,正确答案： C
610,资本主义生产过程是（）,A、劳动过程和价值形成过程的统一 B、劳动过程和价值增殖过程的统一 C、价值形成过程和价值增殖过程的统一 D、生产过程和流通过程的统一 ,正确答案： B
611,相对剩余价值的获得是（）,A、个别企业提高劳动生产率的结果 B、生产部门提高劳动生产率的结果 C、社会劳动生产率提高的结果 D、企业劳动生产率高于部门平均劳动生产率的结果 ,正确答案： C
612,在生产过程中，生产资料的价值（）,A、逐渐消失 B、能发生价值增殖 C、借助于具体劳动转移到新产品中去 D、借助于抽象劳动而再生产出来 ,正确答案： C
613,社会进步的根源在于（）,A、无产阶级革命 B、科学技术的发展 C、社会基本矛盾运动 D、先进文化的发展 ,正确答案： C
614,实践的三个特点是（ ）,A、直接现实性，自觉能动性，社会历史性 B、革命性，阶级性，科学性 C、形象性，主动性，阶级性 D、形象性，客观性，能动性 ,正确答案： A
615,在物质和运动关系问题上，唯心主义的错误是（ ）,A、设想无运动的物质 B、否认运动的绝对性 C、设想无物质的运动 D、否认静止的存在 ,正确答案： A
616,正确发挥意识能动作用的前提是（）,A、尊重客观规律 B、克服消极保守思想 C、解放思想 D、发挥集体智慧 ,正确答案： A
617,“从物质到感觉和思想”与“从思想感觉到物”是（）的对立,A、能动的反映论和直观的反映论 B、经验论和唯理论 C、可知论和不可知论 D、唯物主义认识论和唯心主义认识论 ,正确答案： D
618,相对真理是指（ ）,A、不包含绝对性的真理 B、包含错误的真理 C、在广度和深度上有待扩展和深化的真理 D、主观真理 ,正确答案： C
619,生产力和生产关系的矛盾、经济基础和上层建筑的矛盾是社会的基本矛盾，这两对矛盾（ ）,A、只存在于封建社会 B、只存在于资本主义社会 C、存在于一切社会形态 D、只存在于社会主义社会 ,正确答案： C
620,“观念的东西不外是移入人的头脑并在人的头脑中改造过的物质的东西而已。”这是（ ）的观点。,A、形而上学唯物主义 B、庸俗唯物主义 C、辨证唯物主义 D、唯心主义 ,正确答案： C
621,在生产力和生产关系的相互作用中（ ）,A、生产关系是矛盾的主要方面，起着主要的决定作用 B、生产力和生产关系平行发展 C、生产力是矛盾的主要方面，起着主要的决定作用 D、先进的生产关系决定生产力的发展 ,正确答案： C
622,事物的质是指（ ）,A、构成事物内在要素的总和 B、组成事物基本要素的内在联系 C、一事物区别于其他事物的内在规定性 D、事物的规模、发展程度和速度等规定性 ,正确答案： C
623,劳动力成为商品是（ ）,A、一切社会经济制度共有的 B、货币转化为资本的决定性条件 C、自然经济转化为商品经济的决定性条件 D、简单商品经济的前提 ,正确答案： B
624,凝结在商品中的无差别的人类劳动是（ ）,A、抽象劳动 B、具体劳动 C、脑力劳动 D、体力劳动 ,正确答案： A
625,在价值增殖过程中，不变资本和可变资本区别在于――（）,A、前者不转移价值，后者转移价值 B、前者不发生价值增值，后者发生价值增值 C、前者转移价值慢，后者转移价值快 D、前者价值增值少，后者价值增值多 ,正确答案： B
626,在生活和工作中，凡是都要掌握分寸，坚持适度原则，防止“过”和“不及”。这在哲学上符合的原理。（）,A、内容和形式的相互作用 B、量和质的相统一 C、理论和实践相统一 D、内因和外因相结合 ,正确答案： B
627,唯物辩证法认为，发展是实质是（ ）,A、波浪式前进，螺旋式上升 B、新事物的产生和旧事物的灭亡 C、事物根本性质的变化 D、事物数量的增减 ,正确答案： B
628,辩证的否定是事物发展的环节，因为辩证的否定（）,A、把旧事物完全抛弃 B、使旧事物发生发生量变 C、促使新事物的产生，旧事物的灭亡 D、是从外部强加给事物的 ,正确答案： C
629,平衡利润率等于（）,A、各部门利润率的平均数 B、中等资本有机构成部门剩余价值和预付资本的比率 C、社会剩余价值总量和社会总资本的比率 D、社会剩余价值总额和社会生产成本的比率 ,正确答案： C
630,垄断价格形成表面（）,A、价值规律已经不起作用 B、价值规律的作用受到了限制 C、价值规律的作用形式不变 D、价值规律的作用的形式发生了新变化 ,正确答案： D
631,一定的社会形态是指（）,A、经济基础和上层建筑的统一 B、生产力和生产关系的统一 C、社会存在和社会意识的统一 D、自然界和人类社会的统一 ,正确答案： A
632,哲学上的两大基本派别是（）,A、辩证法和形而上学 B、唯物主义和唯心主义 C、可知论和不可知论 D、一元论和二元论 ,正确答案： B
633,马克思主义的活的灵魂是（）,A、一分为二 B、具体问题具体分析 C、阶级分析 D、一切从实际出发性 ,正确答案： B
634,在生产力诸要素中起主导作用的是（）,A、劳动者 B、生产工具 C、科学技术 D、劳动资料 ,正确答案： B
635,事物的质是指（）,A、构成事物内在要素的总和 B、组成事物基本要素的内在联系 C、一事物区别于其他事物的内在规定性 D、事物的规模，发展程度和速度等规定性 ,正确答案： C
636,辩证法所说的矛盾是指（）,A、人们思维中的前后不一的自相矛盾 B、事物之间或事物内部各要素之间的对立统一 C、对立面之间的相互排斥 D、事物之间或事物内部各要素之间的相互依赖 ,正确答案： B
637,两条根本对立的认识路线是（  ）,A、 可知论与不可知论的对立    B、 辩证法与形而上学的对立    C、 唯物主义反映论与唯心主义先验论的对立    D、 能动革命的反映论与直观被动的反映论的对立    ,正确答案： C
638,以科学的态度对待马克思主义，最重要的是要正确认识和处理（ ）的关系.,A、部分与整体 B、过去与将来 C、真理与价值 D、坚持和发展 ,正确答案： D
639,垄断利润主要是通过垄断组织制定的（ ）来实现的,A、垄断价格 B、成本价格 C、平均利润 D、市场价格 ,正确答案： A
640,国家垄断资本主义是 （ ）,A、国家政权与垄断资本相结合的垄断资本主义 B、国家政权与垄断资本相分离的垄断资本主义 C、消除了生产无政府状态的垄断资本主义 D、解决了资本主义基本矛盾的垄断资本主义 ,正确答案： A
641,国家垄断资本主义，最早开始于（ ）,A、第一次世界大战期间 B、1929－1933年世界经济危机 C、第二次世界大战期间 D、20世纪70年代石油危机 ,正确答案： A
642,现代资本主义社会的经济制度是（ ）,A、前资本主义 B、自由竞争的资本主义 C、垄断资本主义 D、后资本主义 ,正确答案： C
643,国家垄断资本主义的发展（ ）,A、改变了经济的资本主义性质 B、符合垄断资本家的整体利益 C、代表了个别资本家的利益 D、消灭了私人垄断资本主义的基础 ,正确答案： B
644,国家垄断资本主义的局限性在于（ ）,A、使垄断资本主义存在着时而迅速发展时而停滞的趋势 B、使垄断资本主义经济长期处于停滞状态 C、使垄断资本主义经济长期处于滞胀状态 D、它只能暂时使某些矛盾缓和，但却使这些矛盾进一步加深和复杂化 ,正确答案： D
645,国家垄断资本主义产生和发展的根本原因是（ ）,A、资本主义自觉适应生产力发展的产物 B、资本主义国家力量逐渐增强的表现 C、对资本主义生产无政府状态的反应 D、资本主义基本矛盾加剧的必然结果 ,正确答案： D
646,国家垄断资本主义对经济的干预（ ）,A、从根本上解决了垄断资本主义国家的阶级矛盾 B、改变了资本主义私有制的性质 C、使资产阶级和工人阶级形成了利益一致 D、没有改变劳动者受剥削的地位 ,正确答案： D
647,垄断资本主义国家的“经济计划化”（ ）,A、可以从根本上解决资本主义基本矛盾 B、使生产的无政府状态得到一定的缓解 C、导致资本主义向社会主义和平过渡 D、可以消除资本主义经济危机 ,正确答案： B
648,经济全球化带给发展中国家的消极影响有许多，但不包括（ ）,A、经济发展受到一定程度的损失 B、在国际贸易关系中剩余价值大量流失 C、金融风险加大 D、经济发展机会大大减少 ,正确答案： D
649,下列不属于经济全球化发展趋势的选项是（ ）,A、市场经济成为全球经济体制 B、区域经济集团日益发展 C、跨国公司的主导作用增强 D、各国贸易保护主义政策越来越多 ,正确答案： D
650,解决资本主义基本矛盾的唯一途径是 （ ）,A、用垄断代替自由竞争 B、用国家垄断资本主义代替私人垄断资本主义 C、用国际垄断代替国家垄断资本主义 D、用社会主义制度代替资本主义制度 ,正确答案： D
651,资本社会化的最高形式，并将成为社会主义的前奏是（ ）,A、垄断资本主义 B、国家垄断资本主义 C、生产社会化 D、经营管理社会化 ,正确答案： B
652,资本主义发展的历史趋势是（ ）,A、计划经济取代市场经济 B、市场经济取代计划经济 C、计划经济取代商品经济 D、社会主义公有制取代资本主义私有制 ,正确答案： D
653,资本主义必然被社会主义代替，根源于（ ）,A、资本主义内在矛盾 B、阶级斗争 C、社会主义制度优越性 D、资本主义国家腐败 ,正确答案： A
654,彻底推翻资本主义社会的阶级，必然是（ ）,A、工人阶级 B、社会公众 C、中产阶级 D、一切进步力量 ,正确答案： A
655,科学社会主义在马克思主义科学体系中处于（ ）地位,A、核心 B、基础 C、主要 D、科学方法 ,正确答案： A
656,十九世纪上半叶，空想社会主义发展到高级阶段，代表人物有法国的圣西门、傅立叶和英国的（ ）,A、托马斯・莫尔 B、康帕内拉 C、马布里 D、欧文 ,正确答案： D
657,马克思主义的理论基石是（ ）,A、空想社会主义学说 B、德国古典哲学 C、唯物史观和剩余价值学说 D、英国古典政治经济学 ,正确答案： C
658,1871年爆发的（ ），是无产阶级夺取政权的第一次尝试,A、二月革命 B、宪章运动 C、巴黎公社革命 D、里昂工人起义 ,正确答案： C
659,资本主义的发展在各个国家是极不平衡的。而且在商品生产下也只能是这样。由此得出一个必然的结论是（ ）,A、社会主义很难实现 B、社会主义必须在所有国家内同时获得胜利 C、社会主义不能在所有国家内同时获得胜利 D、经济和政治发展的不平衡是资本主义的绝对规律 ,正确答案： C
660,无产阶级专政的内涵是（ ）,A、对人民实行民主 B、对敌人实行专政 C、在党内实行民主 D、对人民实行民主和对敌人实行专政 ,正确答案： D
661,在列宁看来，对待马克思主义，在坚持中发展，( )，是唯一正确的态度,A、在学习中接受 B、在发展中坚持 C、在接受中完善 D、在学习中创造 ,正确答案： B
662,“代替那存在着阶级和阶级对立的资产阶级旧社会的，将是这样一个联合体，在那里，每个人的自由发展是一切人的自由发展的条件”。这是（ ),A、《 共产党宣言 》 中的一段话 B、《 共产主义原理 》 中的一段话 C、《 哥达纲领批判 》 中的一段话 D、《 资本论 》 中的一段话 ,正确答案： A
663,马克思主义认为，消灭“三大差别”的关键在于（ ),A、消灭工业与农业的差别 B、消灭城市和乡村的差别 C、消灭脑力劳动和体力劳动的差别 D、消灭利益差别 ,正确答案： D
664,马克思主义经典作家揭示了未来社会发展的（ ）,A、具体细节 B、一般特征 C、具体阶段 D、特殊规律 ,正确答案： B
665,实现共产主义的必要条件是（ ）,A、社会生产力高度发展，产品极大丰富 B、剥削阶级的彻底消灭 C、人们精神境界的极大提高 D、经济的计划调节管理 ,正确答案： A
666,我国现在尚处于并将长期处于社会主义初级阶段。社会主义初级阶段与共产主义的关系是（ ）,A、社会主义初级阶段是共产主义的初级阶段的初级阶段 B、社会主义初级阶段不属于共产主义 C、在将来条件具备时，我国的社会主义初级阶段将进入更高的发展阶段，只有在那以后，才能考虑建设共产主义 D、社会主义初级阶段是中国特色的社会主义，它将一直沿续到将来的共产主义社会 ,正确答案： A
667,马克思主义指出，在共产主义社会，劳动是（ ）,A、人们谋生的手段 B、人们生活的第一需要 C、休闲的手段 D、完全由个人自由选择的活动 ,正确答案： B
668,党的最高理想和最终目标是（ ）,A、消灭等级制度，实现人人平等 B、推翻资本主义，实现共产主义 C、消灭贫富悬殊，实行平均主义 D、取消按资分配，实行按劳分配 ,正确答案： B
669,下列选项中不属于马克思主义所说的“三大差别”的是（ ）,A、工业与农业的差别 B、城市和乡村的差别 C、脑力劳动和体力劳动的差别 D、政治与经济的差别 ,正确答案： D
670,共产主义实行“按需分配”原则，其物质基础是（ ）,A、人们道德境界 B、消灭私有制 C、生产资料公有制 D、社会生产力高度发展 ,正确答案： D
671,马克思主义经典作家，认为未来共产主义社会，不会具有如下（ ）特征,A、生产力高度发展 B、阶级和阶级斗争，仍将存在 C、每个人自由而全面发展 D、劳动不再是单纯的谋生手段 ,正确答案： B
672,马克思主义认为，人的自由而全面的发展，不包括（ ）,A、是社会发展的根本目标 B、是社会进步的重要内容 C、既是社会发展的结果，又是社会发展的原因 D、仅指个人境界和个人修养 ,正确答案： D
673,共产主义社会制度具有巨大优越性的根本保证是（ ）,A、社会制度的和谐完善 B、创造出前所未有的高水平的劳动生产率 C、人的精神境界极大提高 D、科学技术的不断进步 ,正确答案： B
674,社会主义和共产主义都存在的经济关系是（ ）,A、实行生产资料的社会公有制 B、实行按劳分配原则 C、实行按需分配原则 D、实行商品经济、市场经济体制 ,正确答案： A
675,到了共产主义社会（ ）,A、全体社会成员根本利益是一致的 B、全体社会成员根本利益不是一致的 C、大部分社会成员根本利益是一致的 D、少部分社会成员根本利益是一致的 ,正确答案： A
676,到了共产主义社会（ ）,A、阶级斗争没有消失 B、阶级斗争还是在一定范围内存在 C、阶级斗争在大部分范围内存在 D、阶级斗争也随之消失 ,正确答案： D
677,共产主义社会中人的自由而全面的发展指的是（ ）,A、少部分社会成员的发展 B、部分社会成员的发展 C、大部分社会成员的发展 D、全体社会成员的发展 ,正确答案： D
678,在共产主义社会，劳动（ ）,A、是单纯的谋生手段 B、不过是一种娱乐，一种消遣 C、会成为吸引人的劳动，成为个人的自我实现 D、还具有一定的强迫性 ,正确答案： C
679,共产主义一定能够实现，这是由（ ）,A、人们美好的愿望所决定的 B、经典作家的缜密设计所决定的 C、人类社会的发展规律所决定的 D、少数天才人物所决定的 ,正确答案： C
680,实现共产主义，必须找到现实的阶级力量，这就是（ ）,A、现代农民阶级 B、现代中产阶级 C、现代工人阶级 D、现代资产阶级 ,正确答案： C
681,“实现共产主义是我们共产党人的最高理想，而这个最高理想是需要一代又一代人接力奋斗的。”这句话出自（ ）,A、毛泽东 B、邓小平 C、胡锦涛 D、习近平 ,正确答案： D
682,马克思主义追求的根本价值目标是（）,A、实现人自由而全面的发展 B、过上小康生活 C、人民生活富足 D、人民知识丰富 ,正确答案： A
683,在共产主义社会，（）成为“生活的第一需要”,A、娱乐 B、学习 C、劳动 D、吃饭 ,正确答案： C
684,人类最伟大的事业是（）,A、实现社会主义 B、实现资本主义 C、实现共产主义 D、衣食无忧 ,正确答案： C
685,马克思主义理论上从广义上说是（ ）,A、不仅指马克思恩格斯创立的基本理论、基本观点和学说的体系，也包括继承者对它的发展 B、无产阶级争取自身解放和人类解放的学说体系 C、关于无产阶级斗争的性质、目的、和解放的学说 D、马克思和恩格斯创立的基本理论、基本观点和基本方法构成的科学体系 ,正确答案： A
686,物质的本质特性是（ ）,A、客观实在性 B、实物性 C、结构性 D、可分性 ,正确答案： A
687,下列不属于19世纪三大工人运动的是（ ）,A、法国里昂工人起义 B、英国宪章运动 C、芝加哥工人起义 D、德国西里西亚纺织工人起义 ,正确答案： C
688,对于同一事物，不同的人有不同的反映，这说明（ ）,A、意识是主体的自由创造 B、意识不受客体影响 C、意识受主体状况的影响 D、意识的内容是客观的 ,正确答案： C
689,科学证明，人脑是（）,A、思维的源泉 B、思维的产物 C、思维的器官 D、思维的对象 ,正确答案： C
690,“沉舟侧畔千帆过，病树前头万木春”“芳林新叶催陈叶，流水前波让后波”，这两句诗句包含的哲学道理是（ ）,A、矛盾是事物发展的动力 B、事物的本质和现象的统一 C、事物的发展是量变和质变的统一 D、新事物代替旧事物是事物发展的总趋势 ,正确答案： D
691,区别量变和质变的根本标志是（ ）,A、事物变化和持续时间的长短 B、事物的变化是否超出度的范围 C、事物的质变是否引起量变 D、事物的变化是否顺利和显著 ,正确答案： B
692,辩证法的否定即“扬弃”，它的含义是指（ ）,A、抛弃 B、事物中好的方面和坏的方面 C、纯粹的否定 D、既克服又保留 ,正确答案： D
693,“从物到感觉和思想“与”从思想到感觉和物“的对立，属于（）,A、辩证法和形而上学的对立 B、唯物主义反映论和唯心主义先验论的对立 C、主观唯心主义和客观唯心主义的对立 D、能动的反映论和被动的反映论的对立 ,正确答案： B
694,马克思主义认为，从实践的活动机制来看，实践是（ ）,A、主体与客体通过中介相互作用的过程 B、道德行为和政治活动 C、科学实验 D、生活、行为、现实、实事等感性活动 ,正确答案： A
695,真理和谬误的界限在于（ ）,A、是否符合人的利益和愿望 B、是否符合马克思主义 C、是否反映了客观事物的本质和规律 D、是否为大多数人所接受 ,正确答案： C
696,人类社会历史发展的决定力量（ ）,A、生产方式 B、地理条件 C、社会意识 D、人口因素 ,正确答案： A
697,一个完整的认识过程是（ ）,A、感性认识-理性认识-感性认识 B、感性认识-理性认识-实践 C、感觉-知觉-表象 D、概念-判断-推理 ,正确答案： B
698,在社会发展中起决定性作用的是（ ）,A、人口因素 B、地理环境 C、文化传统 D、生产方式 ,正确答案： D
699,坚持群众观点就是坚信（）,A、群众运动天然合理 B、群众有高度的思想觉悟 C、人民群众可以自己解放自己 D、群众通晓社会发展的规律 ,正确答案： C
700,一定社会形态的经济基础是（ ）,A、生产力 B、该社会的各种生产关系 C、政治制度和法律制度 D、与一定生产力发展阶段相适应的生产关系总和 ,正确答案： D
701,阶级斗争对阶级社会发展的推动作用表现在（）,A、生产力的发展 B、生产关系的变革 C、社会形态的更替 D、科技的进步 ,正确答案： C
702,上层建筑的根本性质决定于（ ）,A、经济基础 B、政治制度 C、国家政权 D、意识形态 ,正确答案： A
703,商品的本质因素是（）,A、使用价值 B、价值 C、交换价值 D、价格 ,正确答案： B
704,具体劳动和抽象劳动是（ ）,A、生产商品同一劳动的两个方面 B、生产商品的时间上交错，空间上并存的两次劳动 C、生产商品的两种劳动过程 D、生产商品的体力劳动和脑力劳动 ,正确答案： A
705,商品经济的基础构成内容是（）,A、市场调节和市场机构 B、商品生产和商品交换 C、商品流通和货币流通 D、价值生产和价值实现 ,正确答案： B
706,价值规律是商品经济的基本规律，它的作用是通过（ ）,A、生产者之间的竞争实现的 B、消费者之间的竞争实现的 C、生产者和消费者之间的竞争实现的 D、价格机制、供求机制和竞争机制实现的 ,正确答案： D
707,正确认识价值创造和财富生产的关系，关键是运用（ ）,A、劳动二重性 B、资本有机构成学说 C、剩余价值学说 D、平均利润学说 ,正确答案： A
708,货币之所以能执行价值尺度的职能，是因为（）,A、它能衡量其他商品价值的大小 B、它是社会劳动的产物，本身具有价值 C、它具有计量单位 D、它可以是观念上的货币 ,正确答案： B
709,最鲜明体现资本主义国家实质的国家职能是（）,A、国有垄断资本 B、资产阶级国家 C、私人垄断资本 D、资本输出 ,正确答案： A
710,国家垄断资本主义发展的基础是（ ）,A、国有垄断资本 B、资产阶级国家 C、私人垄断资本 D、资本输出 ,正确答案： C
711,各尽所能，按需分配是（）,A、原始社会的分配方式 B、阶级社会的分配方式 C、社会主义社会的分配方式 D、共产主义社会的分配方式 ,正确答案： D
712,社会主义国有企业生产营业的中心任务是（ ）,A、尽量多纳税金 B、大力提高工资 C、提高经济效益 D、争取银行贷款 ,正确答案： C
713,社会主义商品流通在社会再生产过程中的地位是（ ）,A、地区和地区之间的中间环节 B、企业和企业的中间环节 C、生产和消费之间的中间环节 D、部门和部门之间的消费环节 ,正确答案： C
714,思维和存在的关系问题是（ ）,A、唯心主义哲学的基本问题 B、唯物主义哲学的基本问题 C、全部哲学的基本问题 D、一部分哲学的基本问题 ,正确答案： C
715,马克思主义生产的阶级基础和实践基础是（ ）,A、资本主义的剥削和压迫 B、无产阶级作为一支政治力量登上政治舞台 C、工人罢工和起义 D、工人运动得到了“农民的合唱“ ,正确答案： B
716,世界的统一性在于其（ ）,A、物质性 B、可知性 C、无限性 D、唯一性 ,正确答案： A
717,唯物辩证法的否定之否定规律揭示了事物发展的（）,A、方向和道路 B、形式和状态 C、结构和功能 D、源泉和动力 ,正确答案： A
718,唯物辩证法的实质与核心是（）,A、对立与统一规律 B、普通联系规律 C、永恒发展规律 D、否定之否定规律 ,正确答案： A
719,一切唯物主义知识论都是（）,A、反映论 B、能动反映论 C、科学反映论 D、机械反映论 ,正确答案： A
720,实践的最基本形式是（）,A、人类能动地改造客观世界的物质活动 B、人类改造自然的生产活动 C、人们处理相互关系的社会活动 D、人类探索宇宙的科研活动 ,正确答案： A
721,严格意义上的社会革命是指（）,A、科学革命和技术革命 B、文化革命和思想革命 C、革命阶级向反动统治阶级夺取国家政权的斗争 D、统治阶级内部进步势力反对保守势力的斗争 ,正确答案： C
722,“社会形态的发展是一种自然历史过程“这句话意在说明（）,A、社会发展规律与自然界的发展规律是相同的 B、社会发展是一种受盲目力量支配的自发过程 C、社会发展具有不依人的意志为转移的客观规律性 D、人的思想动机对社会发展的进程不起作用 ,正确答案： C
723,人类社会的基本矛盾有两对，一对是生产力和生产关系之间的矛盾，另一对是（）,A、开拓进取与保守落后的矛盾 B、个人与集体之间的矛盾 C、经济与政治之间的矛盾 D、经济基础和上层建筑之间的矛盾 ,正确答案： D
724,把社会分为原始社会、奴隶社会、封建社会、资本主义社会和共产主义社会的根据是（）,A、生产力的发展水平 B、生产关系的性质 C、生产规模的大小 D、统治阶级的本质 ,正确答案： B
725,社会意识是（）,A、对社会存在的反映 B、生产关系的性质 C、统治阶级意志的表现 D、人民群众愿望的表现 ,正确答案： A
726,人民群众是历史的创造者，其根本原因是人民群众（）,A、占人口大多数 B、是社会生产力的体现者 C、具有先进的思想 D、掌握历史发展规律 ,正确答案： B
727,真理和谬误的根本区别在于（）,A、真理是绝对的，谬误是相对的 B、真理是有用的，谬误是有害的 C、真理是客观的谬误是主观的 D、真理是对事物的正确反映，谬误是对事物的歪曲反映 ,正确答案： D
728,商品经济通过商品货币关系实行等价交换的经济形式，它的基本规律是（）,A、价值规律 B、剩余价值规律 C、竞争规律 D、货币流通规律 ,正确答案： A
729,劳动力商品不同于一般商品在于（ ）,A、没有其他商品是，它已成为商品 B、它的价值不由在生产它的社会必要劳动时间 C、它的价值会转移到商品中去 D、它的使用价值是创造价值的能力，是创造出自身价值更大的价值 ,正确答案： D
730,在价值的形成过程中，劳动二重性的作用，可归纳为（ ）,A、具体劳动转移生产资料的价值，抽象劳动创造新价值 B、抽象劳动转移生产资料的价值，具体劳动创造新价值 C、具体劳动转移生产资料和劳动力的价值，抽象劳动创造新价值 D、抽象劳动转移生产资料和劳动力的价值，具体劳动创造新价值 ,正确答案： C
731,资本是一种运动，资本循环是从（ ）,A、资本运动的形式和条件方面研究资本的运动 B、资本运动的速度方面研究资本的运动 C、资本运动的实现条件方面研究资本的运动 D、资本运动的矛盾性方面研究资本的运动 ,正确答案： A
732,在商品交换中起媒介作用的货币职能是（ ）,A、流通手段 B、贮藏手段 C、支付手段 D、世界货币 ,正确答案： A
733,国家垄断资本主义的产生和发展，从根本上说是（ ）,A、国内市场竞争的结果 B、国际竞争激烈化的结果 C、垄断统治加强的结果 D、生产社会化和资本主义私人占有制之间矛盾发展的结果 ,正确答案： D
734,绝对剩余价值生产主要是通过（ ）,A、个别企业提高劳动生产率实现的 B、社会劳动生产率的提高实现的 C、延长工作日实现的 D、缩短工人必要劳动时间实现 ,正确答案： C
735,我国经济体制改革是要使生产关系（ ）,A、超越生产力的发展要求 B、适应生产力的发展要求 C、滞后于生产力的发展要求 D、稳定不变 ,正确答案： B
736,给当代世界的和平与发展带来机遇和有利条件的是（ ）,A、世界政治一体化趋势的发展 B、地区集团化趋势的发展 C、世界政治一体化和经济多极化趋势的发展 D、世界多极化和经济全球化趋势的发展 ,正确答案： D
737,资本主义国家的选举的实质是（ ）,A、资产阶级和无产阶级分权 B、每个公民都能通过竞争参与政治活动，表达自己的愿望和要求 C、协调统治阶级内部利益关系和矛盾的重要措施 D、人民当家作 ,正确答案： C
738,社会主义实现由空想到科学发展的标志是（ ）,A、《共产党宣言》的发表 B、“共产主义者同盟”的建立 C、空想社会主义的破灭 D、无产阶级革命的胜利 ,正确答案： A
739,习近平指出“不能用今天的时代条件、发展条件、认识水平去衡量和要求前人，不能苛求前人干出只有后人才能干出的业绩来”，这表明了评价历史人物应持（）。,A、历史分析方法 B、阶级分析方法 C、基本矛盾分析方法 D、主要矛盾分析方法 ,正确答案： A
740,社会发展的决定力量是（ ）。,A、 物质资料的生产方式  B、 人口因素  C、 地理环境  D、 思想意识  ,正确答案： A
741,构成社会财富的物质内容的是（）,A、商品的使用价值 B、商品的价值 C、商品的交换价值 D、价值规律 ,正确答案： A
742,价值规律对社会生产的调节作用是（ ）,A、 通过政府的行政命令实现的  B、 通过国家运用法律手段实现的  C、 通过大家协商共同解决  D、 是通过竞争和市场价格的波动实现的  ,正确答案： D
743,资本主义生产过程本质上是（ ）,A、劳动过程和价值形成过程的统一 B、具体劳动和抽象劳动的统一 C、私人劳动和社会劳动的统一 D、劳动过程和价值增殖过程的统一 ,正确答案： D
744,已知：资本家购买生产资料用了8000元，工人工资2000元。工人一天工作6小时，必要劳动时间为2小时。 则剩余价值率（）。,A、3 B、2 C、1 D、4 ,正确答案： B
745,资本家不断扩大生产规模、改进生产技术、提高劳动生产率，内在动力是（ ）,A、人格追求 B、追求剩余价值 C、发展社会生产 D、崇高人生理想和追求 ,正确答案： B
746,社会资本再生产的周期一般包括四个阶段，其中基本阶段或决定阶段是( ),A、危机阶段 B、萧条阶段 C、复苏阶段 D、高涨阶段 ,正确答案： A
747,资本主义国家在本质上，是（ ）的工具,A、资产阶级进行阶级统治 B、资产阶级进行经济建设 C、无产阶级进行阶级统治 D、人类管理社会 ,正确答案： A
748,美国的政治制度（ ）,A、君主立宪制 B、独裁制 C、议会制 D、总统制 ,正确答案： D
749,英国的政治制度是( )。,A、独裁制 B、总统制 C、君主立宪制 D、委员会制 ,正确答案： C
750,资本主义政治制度在社会历史发展进程中曾起过重要的进步作用，并不表现在( )。,A、促进了社会进步 B、让人民群众享有了比在封建专制主义条件下更多的社会政治自由 C、实现人人之间平等 D、推动了社会生产力的大幅度发展 ,正确答案： C
751,资本主义国家法律制度的核心是（ ）,A、民法 B、宪法 C、经济法 D、婚姻法 ,正确答案： B
752,列宁说：“以前所有一切宪法，以至最民主的共和宪法的精神和基本内容都归结在所有制这一点上。”这是指（）,A、私有制原则 B、主权在民原则 C、分权与制衡原则 D、人权原则 ,正确答案： A
753,资本主义政治制度是在什么基础上建立的（ ）,A、资本主义经济基础 B、资本主义文化基础 C、资本主义政治基础 D、资本主义社会基础 ,正确答案： A
754,资本主义的三权分立是指哪三权（ ）,A、立法权、民权、行政权 B、行政权、司法权、民权 C、民权、司法权、立法权 D、立法权、行政权、司法权 ,正确答案： D
755,下列关于资本主义政党的正确说法是( )。,A、代表国家和民族利益 B、代表某个阶级、阶层或集团利益 C、为了实现经济利益目的而成立的 D、分执政党和参政党 ,正确答案： B
756,资本主义意识形态，反映了哪个阶级的利益和要求（ ）,A、无产阶级 B、资产阶级 C、全体公民 D、精英阶级 ,正确答案： B
757,形成商品价值量的劳动( ),A、是以复杂劳动为尺度的 B、是以脑力劳动为尺度的 C、是以简单劳动为尺度的 D、是以体力劳动为尺度的 ,正确答案： C
758,“理解政治经济学的枢纽”是指（ ）,A、价值规律理论 B、剩余价值理论 C、劳动二重性理论 D、资本积累理论 ,正确答案： C
759,实行两党制的国家是（ ）,A、日本 B、意大利 C、法国 D、美国 ,正确答案： D
760,资本主义的民主制度本质上是为（ ）,A、农民阶级服务的 B、全体人民服务的 C、无产阶级服务的 D、资产阶级服务的 ,正确答案： D
761,面对不同国家在生产方式、发展水平、文化背景等方面的差异，要以共同构建（）的理念引领经济全球化。,A、单极世界 B、多极化世界 C、人类命运共同体 D、绿色经济 ,正确答案： C
762,中国是经济全球化的（ ）,A、受害者 B、仅仅是受益者 C、既是受害者也是受益者 D、是受益者，更是贡献者 ,正确答案： D
763,战后资本主义国家劳资关系和分配关系已发生重大变化，表明，资本主义生产目的，（）,A、提高工人生活水平 B、实现共同富裕 C、仍是追求剩余价值 D、满足人民需要 ,正确答案： C
764,第二次世界大战后，资本主义生产资料所有制，形成并发挥重要作用的是（ ）,A、私人资本所有制 B、私人股份资本所有制 C、国家资本所有制 D、国家公有制 ,正确答案： C
765,当代资本主义发生新变化的根本推动力量，是（ ）,A、科学技术的进步 B、工人阶级的斗争 C、社会主义国家的建立 D、改良主义的影响 ,正确答案： A
766,二战后，资本主义政治经济发生了新变化，但并不表明（）也发生根本变化,A、资本主义生产关系 B、工人阶级的地位 C、分配关系 D、经济危机的解决 ,正确答案： A
767,2008年国际金融危机是由（ ）引发的。,A、泰国货币贬值 B、中东石油危机 C、美国次贷危机 D、日本经济泡沫 ,正确答案： C
768,资本主义由自由竞争阶段进入垄断阶段，最根本的标志在于（ ）,A、垄断代替自由竞争在经济生活中占统治地位 B、资本输出代替商品输出在经济生活中占统治地位 C、银行资本代替工业资本在经济生活中占统治地位 D、国家垄断代替私人垄断在经济生活中占统治地位 ,正确答案： A
769,资本主义越发展，科学技术以至社会生产力越发展，资本主义基本矛盾（ ）,A、最终消失 B、逐步减小 C、维持在一定范围内 D、越来越尖锐 ,正确答案： D
770,社会再生产规律属于（ ）,A、资本主义经济特殊规律 B、小农经济特殊规律 C、商品经济和社会化生产的一般规律 D、社会主义经济特殊规律 ,正确答案： C
771,金融寡头在经济上的统治主要是通过 （ ）实现的。,A、参与制 B、个人联合 C、建立政策研究咨询机构对政府施加影响 D、掌握舆论工具控制新闻媒介 ,正确答案： A
772,金融寡头在政治上的统治主要是通过 （ ）实现的,A、参与制 B、个人联合 C、建立政策研究咨询机构对政府施加影响 D、掌握舆论工具控制新闻媒介 ,正确答案： B
773,金融寡头实现经济上统治的“参与制”是指金融寡头（ ）,A、直接参与工业企业的生产经营和管理 B、直接参与银行的经营和管理 C、通过购买一定数量的股票层层控制许多大企业和大银行的经济统治方式 D、通过购买所属公司全部股票直接掌握许多大企业和大银行的经济统治方式 ,正确答案： C
774,垄断利润是 （ ）,A、资本家获得的超额利润 B、垄断组织获得的平均利润 C、垄断组织获得的一般利润 D、垄断组织获得的超过平均利润的高额利润 ,正确答案： D
775,垄断资本的实质是 （ ）,A、提高劳动生产率 B、获取垄断利润 C、获取平均利润 D、提高工人收入 ,正确答案： B
776,实事求是中的“是”是指（ ）,A、规律 B、认识 C、反映 D、价值 ,正确答案： A
777,贝克莱认为“真理存在于观念之中”属于（ ）,A、虚无主义真理观 B、主观唯心主义真理观 C、客观唯心主义真理观 D、相对主义真理观 ,正确答案： B
778,黑格尔说“真理是‘绝对理念’的自我显示”属于（ ）,A、虚无主义真理观 B、主观唯心主义真理观 C、客观唯心主义真理观 D、相对主义真理观 ,正确答案： C
779,学生在实验室做实验属于（ ）,A、物质生产实践 B、政治实践 C、科学文化实践 D、道德实践 ,正确答案： C
780,实践标准的确定性即（ ）,A、绝对性 B、相对性 C、主观性 D、条件性 ,正确答案： A
781,在辩证唯物主义认识论中，能动的反映具有（ ）,A、直观性 B、间接性 C、创造性 D、单一性 ,正确答案： C
782,下列哪一项属于实践主体能力中的非知识性因素,A、掌握万有引力规律 B、爱与恨 C、理性思维 D、抽象思考 ,正确答案： B
783,认识的第二次飞跃是（ ）,A、实践到认识 B、认识到实践 C、主观到客观 D、客观到主观 ,正确答案： B
784,问渠哪得清如许，为有源头活水来，表明（）,A、实践是认识的动力 B、实践是认识的来源 C、实践是认识的目的 D、实践是认识的方向 ,正确答案： B
785,马克思主义认识论的根本要求是（ ）,A、遵守真理 B、创造性 C、一切从实际出发 D、尊重思维规律 ,正确答案： C
786,理性认识，具有（ ）特点,A、抽象性、间接性 B、具体性、直接性 C、抽象性 D、间接性 ,正确答案： A
787,从认识到实践的飞跃，其必要性和重要性，在于（ ）。,A、认识世界是目的 B、感性认识有待于上升到理性认识 C、理性认识依赖于感性认识 D、认识的真理性只有在实践中才能得到检验和发展 ,正确答案： D
788,社会上一旦有技术上需要，这种需要就会比十所大学更能把科学推向前进，表明（ ）,A、实践是认识的动力 B、实践是认识的来源 C、实践是认识的目的 D、实践是检验认识真理性的唯一标准 ,正确答案： A
789,感性认识向理性认识过渡的二个必要条件之一是（ ）,A、人脑的存在 B、主体的存在 C、首先要获得丰富的感性材料 D、客体的存在 ,正确答案： C
790,在人的认识活动中，主体的认识除了具有摹写、反映的特性外，还具有（ ）特性。,A、认识 B、创造 C、主观随意 D、客观 ,正确答案： B
791,（ ）是检验认识真理性的唯一标准。,A、客观 B、效果 C、有用性 D、实践 ,正确答案： D
792,认识的来源是（ ）,A、大脑 B、人脑 C、感觉 D、实践 ,正确答案： D
793,认识的基础是（ ）,A、大脑 B、精神 C、意识 D、实践 ,正确答案： D
794,实践是人类能动改造客观世界的（ ）活动。,A、认识 B、主体性 C、物质性 D、多维度 ,正确答案： C
795,休谟认为“真理是观念与主体感觉相符合”属于（ ）,A、虚无主义真理观 B、主观唯心主义真理观 C、客观唯心主义真理观 D、相对主义真理观 ,正确答案： B
796,生产力中最活跃的因素（ ）,A、 科学技术  B、 劳动对象  C、 劳动者  D、 生产工具  ,正确答案： C
797,科学技术是生产力中的（ ）,A、 基本要素  B、 最活跃要素  C、 重要要素  D、 管理要素  ,正确答案： C
798,（ ）是先进生产力的集中体现和主要标志，是第一生产力。,A、 科学技术  B、 劳动资料  C、 劳动对象  D、 劳动者  ,正确答案： A
799,人类生活的社会关系当中最基本的关系是（ ）,A、 政治关系  B、 家庭关系  C、 宗教关系  D、 生产关系  ,正确答案： D
800,生产力揭示的是（ ）,A、 人与自然之间的关系  B、 人与物质世界、精神世界之间的关系  C、 人们在物质资料生产过程中结成的经济关系  D、 物质与意识之间的关系  ,正确答案： A
801,马克思主义把（ ）作为“社会进步的最高标准”,A、 生产关系  B、 生产力  C、 道德状况  D、 人民群众生活水平  ,正确答案： B
802,生产关系是指（ ）,A、 人与自然界之间的关系  B、 人与人之间的压迫与被压迫关系  C、 人与人之间的合作互助关系  D、 人们在物质资料生产过程中结成的经济关系  ,正确答案： D
803,判断时代变革的客观依据，是（ ）,A、 生产力和生产关系矛盾运动  B、 经济基础与上层建筑的矛盾运动  C、 阶级斗争的客观要求  D、 当时人们对革命或改革的自主选择性  ,正确答案： A
804,经济基础是生产关系的总和，这个总和是指（ ）,A、 一定历史阶段上科学技术的总和  B、 一定历史阶段上生产力和生产关系的总和  C、 一定历史阶段上经济管理的总和  D、 一定历史阶段上占统治地位的生产关系各方面的总和  ,正确答案： D
805,经济基础是（ ）,A、 一定社会占统治地位的生产关系各方面的总和  B、 一切经济关系的总和  C、 所有生产关系各方面的总和  D、 一切社会关系的总和  ,正确答案： A
806,经济基础与上层建筑的辩证关系是（ ）,A、 经济基础决定上层建筑  B、 上层建筑决定经济基础  C、 经济基础决定上层建筑，上层建筑反作用于经济基础  D、 上层建筑反作用于经济基础  ,正确答案： C
807,上层建筑的核心是（ ）,A、 艺术  B、 道德观念  C、 宗教信仰  D、 国家政权  ,正确答案： D
808,“在共同生活和共同劳动中，需要有一个为公共利益服务的机构，这就是国家。国家的目的是利用社会力量去谋求社会的福利。”这段话（ ）,A、 指明了国家对内职能和对外职能的界限  B、 确认了国家是具有强制力的机构  C、 承认了国家是个历史范畴  D、 抹煞了国家的阶级本质  ,正确答案： D
809,马克思主义认为，国家的起源是（ ）,A、 暴力的产物  B、 人们相互订立契约而形成的  C、 阶级矛盾不可调和的产物  D、 阶级矛盾调和的产物  ,正确答案： C
810,国家所代表的利益是（ ）,A、 剥削阶级的利益  B、 统治阶级的利益  C、 全体社会成员的利益  D、 基本阶级的利益  ,正确答案： B
811,国家最基本的职能（ ）,A、 政治统治  B、 社会管理  C、 社会舆论控制  D、 经济建设  ,正确答案： A
812,社会形态，是指同生产力发展一定阶段相适用的（ ）的统一体。,A、 社会存在与社会意识  B、 生产力与生产关系  C、 经济基础与上层建筑  D、 公有制与私有制  ,正确答案： C
813,在人类历史上出现的第一个阶级社会是（ ）,A、 封建社会  B、 奴隶社会  C、 原始社会  D、 资本主义社会  ,正确答案： B
814,人类社会发展过程中最基本的矛盾是（ ）,A、 政治与经济之间的矛盾  B、 理论与实践之间的矛盾  C、 先进社会意识与落后社会意识之间的矛盾  D、 生产力与生产关系、经济基础与上层建筑之间的矛盾  ,正确答案： D
815,社会形态更替归根到底是由于（ ）,A、 社会基本矛盾运动的结果  B、 阶级斗争  C、 社会革命  D、 科技革命  ,正确答案： A
816,现阶段，我国社会主要矛盾是（）,A、人民群众日益增长的物质文化需要与落后的社会生产之间的矛盾 B、人民日益增长的美好生活需要和不平衡不充分的发展之间矛盾 C、生产力和生产关系之间矛盾 D、强大社会主义国家与落后生产力之间矛盾 ,正确答案： B
817,马克思主义诞生于19世纪四十年代，至今已经150多年了，时代变了，马克思主义也“过时”了。,,正确答案：×
818,阶级性与科学性是不相容的，凡是代表某个阶级利益和愿望的社会理论，就不可能是科学的。因为马克思主义具有阶级性，所以是不科学的。,,正确答案：×
819,指导中国社会主义现代化建设的理论基础是马克思恩格斯初创的马克思主义。,,正确答案：×
820,马克思主义政治经济学是对英国古典政治经济学的继承，二者无本质区别。（ ）,,正确答案：×
821,马克思主义以人类解放为目标，所以是站在全人类的立场上的。（ ）,,正确答案：×
822,马克思主义理论体系的三个主要组成部分是有机统一的。（ ）,,正确答案：√
823,马克思主义最重要的理论品质是与时俱进。,,正确答案：√
824,学习马克思主义理论的根本方法是理论联系实际。,,正确答案：√
825,我们既要坚持马克思主义基本原理，又要与时俱进，继续丰富和发展马克思主义。,,正确答案：√
826,马克思主义，就是指由马克思、恩格斯所创立的学说。,,正确答案：×
827,唯物主义都承认社会存在决定社会意识。( ),,正确答案：×
828,同一性是指矛盾双方没有差别和对立。（ ）,,正确答案：×
829,发展是指事物的一切运动和变化。（ ）,,正确答案：×
830,新出现的事物不一定是新生事物。（ ）,,正确答案：√
831,发挥主观能动性就能改变客观规律。（ ）,,正确答案：×
832,辩证唯物主义认为，只有认识事物的度才能准确地认识事物的质。（ ）,,正确答案：√
833,现代科学思维方法的产生与辩证思维方法有关。( ),,正确答案：√
834,实践客体即客观存在的事物。,,正确答案：×
835,非理性因素，在认识的辩证运动过程中，是可以忽视的因素。（ ）,,正确答案：×
836,实践之所以能够作为真理的检验标准，这是因为马克思主义认识论所深刻阐明的观点。,,正确答案：×
837,全部社会生活在本质上是实践的。（）,,正确答案：√
838,实践活动的形式是丰富多样的。,,正确答案：√
839,“真理与价值”中的价值等同于“商品价值量”中的价值,,正确答案：×
840,任何真理都是绝对性和相对性的统一。,,正确答案：√
841,谬误是对事物正确的反映。,,正确答案：×
842,实践是检验真理的唯一标准。（ ）,,正确答案：√
843,经济基础是指社会发展阶段中决定一个社会性质的占支配地位的生产关系的总和。（ ）,,正确答案：√
844,生产力和生产关系的矛盾是社会的基本矛盾，这对矛盾贯穿人类社会发展过程的始终。,,正确答案：√
845,社会的基本矛盾是推动社会发展的直接动力。,,正确答案：×
846,上层建筑一旦为经济基础服务时，就会成为推动社会发展的进步力量。（ ）,,正确答案：×
847,生产方式是经济基础和上层建筑的统一。（）,,正确答案：×
848,社会存在包括自然地理环境、人口因素和物质生产方式。（）,,正确答案：√
849,社会意识决定社会存在。（）,,正确答案：×
850,生产商品的劳动可分为具体劳动和抽象劳动（ ）,,正确答案：√
851,私人劳动和社会劳动的矛盾决定了商品经济的本质和发展过程（ ）,,正确答案：√
852,劳动力商品的使用价值是价值的源泉（ ）,,正确答案：√
853,利用价值规律的作用，就能自动完美地实现资源的最优配置。（ ）,,正确答案：×
854,只有物质生产领域的劳动才是生产性劳动并创造价值。（ ）,,正确答案：×
855,垄断价格是垄断资本家凭借垄断地位制定的，因而否定了价值规律（ ）,,正确答案：×
856,资本主义国家有了经济计划就能从根本上克服生产无政府状态（ ）,,正确答案：×
857,资本主义国家本质上是资产阶级进行阶级统治的工具（ ）,,正确答案：√
858,资本来到世间，从头到脚，每个毛孔都滴着血和肮脏的东西。( ),,正确答案：√
859,私人垄断资本主义是在生产集中和资本集中的基础上形成的（ ）,,正确答案：√
860,第二次世界大战后，布雷顿森林体系是在英国的主导下建立的国际货币体系（ ）,,正确答案：×
861,资本是能够带来全部价值的价值。（）,,正确答案：×
862,资本主义政治制度反映了资本主义社会的经济关系。（）,,正确答案：√
863,政党是全部阶级利益的集中代表。（）,,正确答案：×
864,资本主义的发展经历了自由竞争资本主义和垄断资本主义两个阶段。（）,,正确答案：√
865,垄断价格仅包括成本价格和平均利润。（）,,正确答案：×
866,社会主义的根本任务是解放生产力、发展生产力。（ ）,,正确答案：√
867,社会主义必然代替资本主义的主要依据是生产的社会化与资本主义私人占有制之间的矛盾。（ ）,,正确答案：√
868,共产主义社会的第一阶段称为社会主义社会。（ ）,,正确答案：√
869,社会主义代替资本主义是历史的必然，因此就不可能反复。,,正确答案：×
870,在共产主义社会，劳动依然是单纯的谋生手段。（ ）,,正确答案：×
871,社会主义是实现共产主义的必由之路。（ ）,,正确答案：√
872,中国特色社会主义是科学社会主义在当代中国的成功实践。（）,,正确答案：√
873,“全部社会生活在本质上是实践”,,正确答案：√
874,社会进步是不可抗拒的历史潮流，因此，社会发展是直线上升的。,,正确答案：×
875,剩余价值转化为利润，价值就转化为生产价格。,,正确答案：×
876,垄断资本主义占统治地位的是金融资本。,,正确答案：√
877,唯心主义否认思维和存在的同一性。,,正确答案：×
878,科学技术发展可以解决一切社会问题。,,正确答案：×
879,剩余价值的产生，既不在流通领域，又离不开流通领域。,,正确答案：√
880,20世纪80年代末期和90年代初期，东欧剧变、苏联解体并不表明社会主义的失败。,,正确答案：√
881,辩证法和形而上学对立的焦点在于是否全面地看问题。,,正确答案：×
882,认识过程的两个阶段是从实践到认识，从认识到实践。,,正确答案：√
883,价格与价值的偏离是对价值规律的否定。,,正确答案：×
884,暴力革命是无产阶级革命的唯一形式。,,正确答案：×
885,因为理论能够指导实践，所以说理论高于实践。,,正确答案：×
886,加快资本周转可以带来更多的剩余价值，这表明流通过程可以产生剩余价值。,,正确答案：×
887,用来购买劳动力的资本叫可变资本。,,正确答案：√
888,思想本身不能实现什么，要实现思想就要诉诸实践。,,正确答案：√
889,在任何情况下，唯物主义和唯心主义的对立都是绝对的。,,正确答案：×
890,在必要劳动时间不变的情况下，通过延长工作日的长度或提高工人的劳动强度的方法而生产的剩余价值叫绝对剩余价值。,,正确答案：×
891,私人劳动和社会劳动矛盾是资本主义的基本矛盾。,,正确答案：×
892,世界的真正统一性在于它的物质性。,,正确答案：√
893,阶级斗争是社会发展的根本动力。,,正确答案：×
894,意识是大脑的机能，有了大脑就能产生意识。,,正确答案：×
895,具体劳动和抽象劳动是两种不同的劳动。,,正确答案：×
896,垄断是在自由竞争基础上产生的，因此垄断统治形成后可以消除竞争。,,正确答案：×
897,正确的意识是客观世界的反映，错误的意识不是客观世界的反映。,,正确答案：×
898,有的真理是绝对真理，有的真理是相对真理。,,正确答案：×
899,商品的价值量是由生产商品时耗费事物社会必要劳动时间决定的。,,正确答案：√
900,适应社会生产力发展的要求，国家垄断资本经济主义突破了私人垄断资本的局限性，因此，它具有了社会主义本质。,,正确答案：×
901,世界统一于实践,,正确答案：×
902,列宁对辩证唯物主义物质范畴的定义是通过一般和个别的关系界定的。,,正确答案：×
903,人工智能的出现可以代替人类的思维。,,正确答案：×
904,否定就是新旧事物之间“一刀两断”。,,正确答案：×
905,主体和客体就是主观和客观。,,正确答案：×
906,一切历史都是思想史。,,正确答案：×
907,“跟着感觉走”在本质上是唯心主义经验论的观点。,,正确答案：√
908,生产力是社会发展的最终决定力量,,正确答案：√
909,上层建筑对经济基础的反作用，可能是积极的、进步的，也可能是消极的、衰退的。,,正确答案：√
910,商品的最本质因素是价值。,,正确答案：√
911,社会主义的目标是要实现人和社会的共同发展。,,正确答案：√
912,各尽所能，按需分配是共产主义社会的分配方式。,,正确答案：√
913,国家垄断资本主义的发展消灭了私人垄断资本主义的基础。,,正确答案：×
914,马克思主义是为全人类服务的。,,正确答案：×
